ID,Local_ID,Language_ID,Parameter_ID,Value,Form	Segments,Comment,Source,Cognacy,Loan,Graphemes,Profile,NumeralAnalysis
kalasha-1,,kalasha,1_one,ek,ek,,,,,,,,
kalasha-2,,kalasha,2_two,du,du,,,,,,,,
kalasha-3,,kalasha,3_three,tre,tre,,,,,,,,
kalasha-4,,kalasha,4_four,čaw,čaw,,,,,,,,
kalasha-5,,kalasha,5_five,ponǰ,ponǰ,,,,,,,,
kalasha-6,,kalasha,6_six,ṣo,ṣo,,,,,,,,
kalasha-7,,kalasha,7_seven,sat,sat,,,,,,,,
kalasha-8,,kalasha,8_eight,aṣṭ,aṣṭ,,,,,,,,
kalasha-9,,kalasha,9_nine,no,no,,,,,,,,
kalasha-10,,kalasha,10_ten,daš,daš,,,,,,,,
kalasha-11,,kalasha,11_eleven,dažeék,dažeék,,,,,,,,
kalasha-12,,kalasha,12_twelve,dažedú,dažedú,,,,,,,,
kalasha-13,,kalasha,13_thirteen,dažetré,dažetré,,,,,,,,
kalasha-14,,kalasha,14_fourteen,dažečáw,dažečáw,,,,,,,,
kalasha-15,,kalasha,15_fifteen,dažepónǰ,dažepónǰ,,,,,,,,
kalasha-16,,kalasha,16_sixteen,dažeṣó,dažeṣó,,,,,,,,
kalasha-17,,kalasha,17_seventeen,dažesát,dažesát,,,,,,,,
kalasha-18,,kalasha,18_eighteen,dažeáṣṭ,dažeáṣṭ,,,,,,,,
kalasha-19,,kalasha,19_nineteen,daženó,daženó,,,,,,,,
kalasha-20,,kalasha,20_twenty,bíši,bíši,,,,,,,,
kalasha-21,,kalasha,21_twentyone,bišižeék,bišižeék,,,,,,,,
kalasha-22,,kalasha,22_twentytwo,bišižedú,bišižedú,,,,,,,,
kalasha-23,,kalasha,23_twentythree,bišižetré,bišižetré,,,,,,,,
kalasha-24,,kalasha,24_twentyfour,bišižečáw,bišižečáw,,,,,,,,
kalasha-25,,kalasha,25_twentyfive,bišižepónǰ,bišižepónǰ,,,,,,,,
kalasha-26,,kalasha,26_twentysix,bišižeṣó,bišižeṣó,,,,,,,,
kalasha-27,,kalasha,27_twentyseven,bišižesát,bišižesát,,,,,,,,
kalasha-28,,kalasha,28_twentyeight,bišižeáṣṭ,bišižeáṣṭ,,,,,,,,
kalasha-29,,kalasha,29_twentynine,bišiženó,bišiženó,,,,,,,,
kalasha-30,,kalasha,30_thirty,bišižedáš,bišižedáš,,,,,,,,
kalasha-31,,kalasha,31_thirtyone,bišižedašéga,bišižedašéga,,,,,,,,
kalasha-32,,kalasha,32_thirtytwo,bišižedašedúa,bišižedašedúa,,,,,,,,
kalasha-33,,kalasha,33_thirtythree,bišižedašetré,bišižedašetré,,,,,,,,
kalasha-34,,kalasha,34_thirtyfour,bišižedašečáw,bišižedašečáw,,,,,,,,
kalasha-35,,kalasha,35_thirtyfive,bišižedašepónǰ,bišižedašepónǰ,,,,,,,,
kalasha-36,,kalasha,36_thirtysix,bišižedašeṣó,bišižedašeṣó,,,,,,,,
kalasha-37,,kalasha,37_thirtyseven,bišižedašesát,bišižedašesát,,,,,,,,
kalasha-38,,kalasha,38_thirtyeight,bišižedašeáṣṭ,bišižedašeáṣṭ,,,,,,,,
kalasha-39,,kalasha,39_thirtynine,bišižedašenó,bišižedašenó,,,,,,,,
kalasha-40,,kalasha,40_forty,dúbiši,dúbiši,,,,,,,,
kalasha-41,,kalasha,41_fortyone,dubišižeék,dubišižeék,,,,,,,,
kalasha-42,,kalasha,42_fortytwo,dubišižedú,dubišižedú,,,,,,,,
kalasha-43,,kalasha,43_fortythree,dubišižetré,dubišižetré,,,,,,,,
kalasha-44,,kalasha,44_fortyfour,dubišižečáw,dubišižečáw,,,,,,,,
kalasha-45,,kalasha,45_fortyfive,dubišižepónǰ,dubišižepónǰ,,,,,,,,
kalasha-46,,kalasha,46_fortysix,dubišižeṣó,dubišižeṣó,,,,,,,,
kalasha-47,,kalasha,47_fortyseven,dubišižesát,dubišižesát,,,,,,,,
kalasha-48,,kalasha,48_fortyeight,dubišižeáṣṭ,dubišižeáṣṭ,,,,,,,,
kalasha-49,,kalasha,49_fortynine,dubišiženó,dubišiženó,,,,,,,,
kalasha-50,,kalasha,50_fifty,dubišižedáš,dubišižedáš,,,,,,,,
kalasha-51,,kalasha,51_fiftyone,dubišižedažeéga,dubišižedažeéga,,,,,,,,
kalasha-52,,kalasha,52_fiftytwo,dubišižedažedú,dubišižedažedú,,,,,,,,
kalasha-53,,kalasha,53_fiftythree,dubišižedažetré,dubišižedažetré,,,,,,,,
kalasha-54,,kalasha,54_fiftyfour,dubišižedažečáw,dubišižedažečáw,,,,,,,,
kalasha-55,,kalasha,55_fiftyfive,dubišižedažepónǰ,dubišižedažepónǰ,,,,,,,,
kalasha-56,,kalasha,56_fiftysix,dubišižedažeṣó,dubišižedažeṣó,,,,,,,,
kalasha-57,,kalasha,57_fiftyseven,dubišižedažesát,dubišižedažesát,,,,,,,,
kalasha-58,,kalasha,58_fiftyeight,dubišižedažeáṣṭ,dubišižedažeáṣṭ,,,,,,,,
kalasha-59,,kalasha,59_fiftynine,dubišižedaženó,dubišižedaženó,,,,,,,,
kalasha-60,,kalasha,60_sixty,trébiši,trébiši,,,,,,,,
kalasha-61,,kalasha,61_sixtyone,trebišižeék,trebišižeék,,,,,,,,
kalasha-62,,kalasha,62_sixtytwo,trebišižedú,trebišižedú,,,,,,,,
kalasha-63,,kalasha,63_sixtythree,trebišižetré,trebišižetré,,,,,,,,
kalasha-64,,kalasha,64_sixtyfour,trebišižečáw,trebišižečáw,,,,,,,,
kalasha-65,,kalasha,65_sixtyfive,trebišižepónǰ,trebišižepónǰ,,,,,,,,
kalasha-66,,kalasha,66_sixtysix,trebišižeṣó,trebišižeṣó,,,,,,,,
kalasha-67,,kalasha,67_sixtyseven,trebišižesát,trebišižesát,,,,,,,,
kalasha-68,,kalasha,68_sixtyeight,trebišižeáṣṭ,trebišižeáṣṭ,,,,,,,,
kalasha-69,,kalasha,69_sixtynine,trebišiženó,trebišiženó,,,,,,,,
kalasha-70,,kalasha,70_seventy,trebišižedáš,trebišižedáš,,,,,,,,
kalasha-71,,kalasha,71_seventyone,trebišižedažeéga,trebišižedažeéga,,,,,,,,
kalasha-72,,kalasha,72_seventytwo,trebišižedažedú,trebišižedažedú,,,,,,,,
kalasha-73,,kalasha,73_seventythree,trebišižedažetré,trebišižedažetré,,,,,,,,
kalasha-74,,kalasha,74_seventyfour,trebišižedažečáw,trebišižedažečáw,,,,,,,,
kalasha-75,,kalasha,75_seventyfive,trebišižedažepónǰ,trebišižedažepónǰ,,,,,,,,
kalasha-76,,kalasha,76_seventysix,trebišižedažeṣó,trebišižedažeṣó,,,,,,,,
kalasha-77,,kalasha,77_seventyseven,trebišižedažesát,trebišižedažesát,,,,,,,,
kalasha-78,,kalasha,78_seventyeight,trebišižedažeáṣṭ,trebišižedažeáṣṭ,,,,,,,,
kalasha-79,,kalasha,79_seventynine,trebišižedaženó,trebišižedaženó,,,,,,,,
kalasha-80,,kalasha,80_eighty,čáwbiši,čáwbiši,,,,,,,,
kalasha-81,,kalasha,81_eightyone,čawbišižeék,čawbišižeék,,,,,,,,
kalasha-82,,kalasha,82_eightytwo,čawbišižedú,čawbišižedú,,,,,,,,
kalasha-83,,kalasha,83_eightythree,čawbišižetré,čawbišižetré,,,,,,,,
kalasha-84,,kalasha,84_eightyfour,čawbišižečáw,čawbišižečáw,,,,,,,,
kalasha-85,,kalasha,85_eightyfive,čawbišižepónǰ,čawbišižepónǰ,,,,,,,,
kalasha-86,,kalasha,86_eightysix,čawbišižeṣó,čawbišižeṣó,,,,,,,,
kalasha-87,,kalasha,87_eightyseven,čawbišižesát,čawbišižesát,,,,,,,,
kalasha-88,,kalasha,88_eightyeight,čawbišižeáṣṭ,čawbišižeáṣṭ,,,,,,,,
kalasha-89,,kalasha,89_eightynine,čawbišiženó,čawbišiženó,,,,,,,,
kalasha-90,,kalasha,90_ninety,čawbišižedáš,čawbišižedáš,,,,,,,,
kalasha-91,,kalasha,91_ninetyone,čawbišižedažeéga,čawbišižedažeéga,,,,,,,,
kalasha-92,,kalasha,92_ninetytwo,čawbišižedažedúa,čawbišižedažedúa,,,,,,,,
kalasha-93,,kalasha,93_ninetythree,čawbišižedažetré,čawbišižedažetré,,,,,,,,
kalasha-94,,kalasha,94_ninetyfour,čawbišižedažečáw,čawbišižedažečáw,,,,,,,,
kalasha-95,,kalasha,95_ninetyfive,čawbišižedažepónǰ,čawbišižedažepónǰ,,,,,,,,
kalasha-96,,kalasha,96_ninetysix,čawbišižedažeṣó,čawbišižedažeṣó,,,,,,,,
kalasha-97,,kalasha,97_ninetyseven,čawbišižedažesát,čawbišižedažesát,,,,,,,,
kalasha-98,,kalasha,98_ninetyeight,čawbišižedažeáṣṭ,čawbišižedažeáṣṭ,,,,,,,,
kalasha-99,,kalasha,99_ninetynine,čawbišižedaženó,čawbišižedaženó,,,,,,,,
dhivehi-1,,dhivehi,1_one,ek̊,ek̊,,,,,,,,
dhivehi-2,,dhivehi,2_two,de,de,,,,,,,,
dhivehi-3,,dhivehi,3_three,tin̊,tin̊,,,,,,,,
dhivehi-4,,dhivehi,4_four,hataru,hataru,,,,,,,,
dhivehi-5,,dhivehi,5_five,fas,fas,,,,,,,,
dhivehi-6,,dhivehi,6_six,ha,ha,,,,,,,,
dhivehi-7,,dhivehi,7_seven,hat̊,hat̊,,,,,,,,
dhivehi-8,,dhivehi,8_eight,aṣ̊,aṣ̊,,,,,,,,
dhivehi-9,,dhivehi,9_nine,nuva,nuva,,,,,,,,
dhivehi-10,,dhivehi,10_ten,diha,diha,,,,,,,,
dhivehi-11,,dhivehi,11_eleven,egāra,egāra,,,,,,,,
dhivehi-12,,dhivehi,12_twelve,bāra,bāra,,,,,,,,
dhivehi-13,,dhivehi,13_thirteen,tēra,tēra,,,,,,,,
dhivehi-14,,dhivehi,14_fourteen,sāda,sāda,,,,,,,,
dhivehi-15,,dhivehi,15_fifteen,fanara,fanara,,,,,,,,
dhivehi-16,,dhivehi,16_sixteen,sōḷa,sōḷa,,,,,,,,
dhivehi-17,,dhivehi,17_seventeen,satāra,satāra,,,,,,,,
dhivehi-18,,dhivehi,18_eighteen,aṣāra,aṣāra,,,,,,,,
dhivehi-19,,dhivehi,19_nineteen,onavihi,onavihi,,,,,,,,
dhivehi-20,,dhivehi,20_twenty,vihi,vihi,,,,,,,,
dhivehi-21,,dhivehi,21_twentyone,ekāvīs,ekāvīs,,,,,,,,
dhivehi-22,,dhivehi,22_twentytwo,bāvīs,bāvīs,,,,,,,,
dhivehi-23,,dhivehi,23_twentythree,tēvīs,tēvīs,,,,,,,,
dhivehi-24,,dhivehi,24_twentyfour,sauvīs,sauvīs,,,,,,,,
dhivehi-25,,dhivehi,25_twentyfive,fansavīs,fansavīs,,,,,,,,
dhivehi-26,,dhivehi,26_twentysix,sabbīs,sabbīs,,,,,,,,
dhivehi-27,,dhivehi,27_twentyseven,hatāvīs,hatāvīs,,,,,,,,
dhivehi-28,,dhivehi,28_twentyeight,aṣāvīs,aṣāvīs,,,,,,,,
dhivehi-29,,dhivehi,29_twentynine,onatirīs,onatirīs,,,,,,,,
dhivehi-30,,dhivehi,30_thirty,tirīs,tirīs,,,,,,,,
dhivehi-31,,dhivehi,31_thirtyone,ettirīs,ettirīs,,,,,,,,
dhivehi-32,,dhivehi,32_thirtytwo,battirīs,battirīs,,,,,,,,
dhivehi-33,,dhivehi,33_thirtythree,tettirīs,tettirīs,,,,,,,,
dhivehi-34,,dhivehi,34_thirtyfour,sauratirīs,sauratirīs,,,,,,,,
dhivehi-35,,dhivehi,35_thirtyfive,fansatirīs,fansatirīs,,,,,,,,
dhivehi-36,,dhivehi,36_thirtysix,satirīs,satirīs,,,,,,,,
dhivehi-37,,dhivehi,37_thirtyseven,satutirīs,satutirīs,,,,,,,,
dhivehi-38,,dhivehi,38_thirtyeight,aṣutirīs,aṣutirīs,,,,,,,,
dhivehi-39,,dhivehi,39_thirtynine,onasāḷīs,onasāḷīs,,,,,,,,
dhivehi-40,,dhivehi,40_forty,sāḷīs,sāḷīs,,,,,,,,
dhivehi-41,,dhivehi,41_fortyone,ekāḷīs,ekāḷīs,,,,,,,,
dhivehi-42,,dhivehi,42_fortytwo,bayālīs,bayālīs,,,,,,,,
dhivehi-43,,dhivehi,43_fortythree,teyāḷīs,teyāḷīs,,,,,,,,
dhivehi-44,,dhivehi,44_fortyfour,saurayāḷīs,saurayāḷīs,,,,,,,,
dhivehi-45,,dhivehi,45_fortyfive,fansayāḷīs,fansayāḷīs,,,,,,,,
dhivehi-46,,dhivehi,46_fortysix,sayāḷīs,sayāḷīs,,,,,,,,
dhivehi-47,,dhivehi,47_fortyseven,satāḷīs,satāḷīs,,,,,,,,
dhivehi-48,,dhivehi,48_fortyeight,aṣāḷīs,aṣāḷīs,,,,,,,,
dhivehi-49,,dhivehi,49_fortynine,onafansās,onafansās,,,,,,,,
dhivehi-50,,dhivehi,50_fifty,fansās,fansās,,,,,,,,
dhivehi-51,,dhivehi,51_fiftyone,ekāvanna,ekāvanna,,,,,,,,
dhivehi-52,,dhivehi,52_fiftytwo,bāvanna,bāvanna,,,,,,,,
dhivehi-53,,dhivehi,53_fiftythree,tēvanna,tēvanna,,,,,,,,
dhivehi-54,,dhivehi,54_fiftyfour,sauravanna,sauravanna,,,,,,,,
dhivehi-55,,dhivehi,55_fiftyfive,fansavanna,fansavanna,,,,,,,,
dhivehi-56,,dhivehi,56_fiftysix,savanna,savanna,,,,,,,,
dhivehi-57,,dhivehi,57_fiftyseven,satuvanna,satuvanna,,,,,,,,
dhivehi-58,,dhivehi,58_fiftyeight,aṣuvanna,aṣuvanna,,,,,,,,
dhivehi-59,,dhivehi,59_fiftynine,onahaṭṭi,onahaṭṭi,,,,,,,,
dhivehi-60,,dhivehi,60_sixty,haṭṭi,haṭṭi,,,,,,,,
dhivehi-61,,dhivehi,61_sixtyone,ekāhaṭṭī,ekāhaṭṭī,,,,,,,,
dhivehi-62,,dhivehi,62_sixtytwo,bāhaṭṭi,bāhaṭṭi,,,,,,,,
dhivehi-63,,dhivehi,63_sixtythree,tēhaṭṭi,tēhaṭṭi,,,,,,,,
dhivehi-64,,dhivehi,64_sixtyfour,saurahaṭṭi,saurahaṭṭi,,,,,,,,
dhivehi-65,,dhivehi,65_sixtyfive,fansahaṭṭi,fansahaṭṭi,,,,,,,,
dhivehi-66,,dhivehi,66_sixtysix,sahaṭṭi,sahaṭṭi,,,,,,,,
dhivehi-67,,dhivehi,67_sixtyseven,satuhaṭṭi,satuhaṭṭi,,,,,,,,
dhivehi-68,,dhivehi,68_sixtyeight,aṣuhaṭṭi,aṣuhaṭṭi,,,,,,,,
dhivehi-69,,dhivehi,69_sixtynine,onahat̊tari,onahat̊tari,,,,,,,,
dhivehi-70,,dhivehi,70_seventy,hat̊tari,hat̊tari,,,,,,,,
dhivehi-71,,dhivehi,71_seventyone,ekāhat̊tari,ekāhat̊tari,,,,,,,,
dhivehi-72,,dhivehi,72_seventytwo,bāhat̊tari,bāhat̊tari,,,,,,,,
dhivehi-73,,dhivehi,73_seventythree,tēhat̊tari,tēhat̊tari,,,,,,,,
dhivehi-74,,dhivehi,74_seventyfour,saurahat̊tari,saurahat̊tari,,,,,,,,
dhivehi-75,,dhivehi,75_seventyfive,fansahat̊tari,fansahat̊tari,,,,,,,,
dhivehi-76,,dhivehi,76_seventysix,sahat̊tari,sahat̊tari,,,,,,,,
dhivehi-77,,dhivehi,77_seventyseven,satuhat̊tari,satuhat̊tari,,,,,,,,
dhivehi-78,,dhivehi,78_seventyeight,aṣuhat̊tari,aṣuhat̊tari,,,,,,,,
dhivehi-79,,dhivehi,79_seventynine,onaāhi,onaāhi,,,,,,,,
dhivehi-80,,dhivehi,80_eighty,āhi,āhi,,,,,,,,
dhivehi-81,,dhivehi,81_eightyone,ekāhi,ekāhi,,,,,,,,
dhivehi-82,,dhivehi,82_eightytwo,bayāhi,bayāhi,,,,,,,,
dhivehi-83,,dhivehi,83_eightythree,teyāhi,teyāhi,,,,,,,,
dhivehi-84,,dhivehi,84_eightyfour,saurayāhi,saurayāhi,,,,,,,,
dhivehi-85,,dhivehi,85_eightyfive,fansayāhi,fansayāhi,,,,,,,,
dhivehi-86,,dhivehi,86_eightysix,sayāhi,sayāhi,,,,,,,,
dhivehi-87,,dhivehi,87_eightyseven,satāhi,satāhi,,,,,,,,
dhivehi-88,,dhivehi,88_eightyeight,aṣāhi,aṣāhi,,,,,,,,
dhivehi-89,,dhivehi,89_eightynine,onavai,onavai,,,,,,,,
dhivehi-90,,dhivehi,90_ninety,navai,navai,,,,,,,,
dhivehi-91,,dhivehi,91_ninetyone,ekānavai,ekānavai,,,,,,,,
dhivehi-92,,dhivehi,92_ninetytwo,bayānavai,bayānavai,,,,,,,,
dhivehi-93,,dhivehi,93_ninetythree,teyānavai,teyānavai,,,,,,,,
dhivehi-94,,dhivehi,94_ninetyfour,saurayānavai,saurayānavai,,,,,,,,
dhivehi-95,,dhivehi,95_ninetyfive,fansayānavai,fansayānavai,,,,,,,,
dhivehi-96,,dhivehi,96_ninetysix,sayānavai,sayānavai,,,,,,,,
dhivehi-97,,dhivehi,97_ninetyseven,satānavai,satānavai,,,,,,,,
dhivehi-98,,dhivehi,98_ninetyeight,aṣānavai,aṣānavai,,,,,,,,
dhivehi-99,,dhivehi,99_ninetynine,onasatta,onasatta,,,,,,,,
bagri-1,,bagri,1_one,ek,ek,,,,,,,,
bagri-2,,bagri,2_two,do,do,,,,,,,,
bagri-3,,bagri,3_three,tin,tin,,,,,,,,
bagri-4,,bagri,4_four,cyar,cyar,,,,,,,,
bagri-5,,bagri,5_five,pãc,pãc,,,,,,,,
bagri-6,,bagri,6_six,chε,chε,,,,,,,,
bagri-7,,bagri,7_seven,sat,sat,,,,,,,,
bagri-8,,bagri,8_eight,aṭh,aṭh,,,,,,,,
bagri-9,,bagri,9_nine,no,no,,,,,,,,
bagri-10,,bagri,10_ten,dəs,dəs,,,,,,,,
bagri-11,,bagri,11_eleven,gyara,gyara,,,,,,,,
bagri-12,,bagri,12_twelve,bara,bara,,,,,,,,
bagri-13,,bagri,13_thirteen,tera,tera,,,,,,,,
bagri-14,,bagri,14_fourteen,cowda,cowda,,,,,,,,
bagri-15,,bagri,15_fifteen,pəndra,pəndra,,,,,,,,
bagri-16,,bagri,16_sixteen,soḷa,soḷa,,,,,,,,
bagri-17,,bagri,17_seventeen,sətəra,sətəra,,,,,,,,
bagri-18,,bagri,18_eighteen,əṭṭhara,əṭṭhara,,,,,,,,
bagri-19,,bagri,19_nineteen,gunnis,gunnis,,,,,,,,
bagri-20,,bagri,20_twenty,bis,bis,,,,,,,,
bagri-21,,bagri,21_twentyone,ikkis,ikkis,,,,,,,,
bagri-22,,bagri,22_twentytwo,bais,bais,,,,,,,,
bagri-23,,bagri,23_twentythree,teis,teis,,,,,,,,
bagri-24,,bagri,24_twentyfour,cois,cois,,,,,,,,
bagri-25,,bagri,25_twentyfive,pəccis,pəccis,,,,,,,,
bagri-26,,bagri,26_twentysix,chəbbis,chəbbis,,,,,,,,
bagri-27,,bagri,27_twentyseven,səttais,səttais,,,,,,,,
bagri-28,,bagri,28_twentyeight,əṭṭhais,əṭṭhais,,,,,,,,
bagri-29,,bagri,29_twentynine,guṇtis,guṇtis,,,,,,,,
bagri-30,,bagri,30_thirty,tis,tis,,,,,,,,
bagri-31,,bagri,31_thirtyone,ikəttis,ikəttis,,,,,,,,
bagri-32,,bagri,32_thirtytwo,bəttis,bəttis,,,,,,,,
bagri-33,,bagri,33_thirtythree,tettis,tettis,,,,,,,,
bagri-34,,bagri,34_thirtyfour,cõttis,cõttis,,,,,,,,
bagri-35,,bagri,35_thirtyfive,pε̃ttis,pε̃ttis,,,,,,,,
bagri-36,,bagri,36_thirtysix,chəttis,chəttis,,,,,,,,
bagri-37,,bagri,37_thirtyseven,sε̃ttis,sε̃ttis,,,,,,,,
bagri-38,,bagri,38_thirtyeight,əRttis,əRttis,,,,,,,,
bagri-39,,bagri,39_thirtynine,guṇcaḷis,guṇcaḷis,,,,,,,,
bagri-40,,bagri,40_forty,caḷis,caḷis,,,,,,,,
bagri-41,,bagri,41_fortyone,iktaḷis,iktaḷis,,,,,,,,
bagri-42,,bagri,42_fortytwo,biãḷis,biãḷis,,,,,,,,
bagri-43,,bagri,43_fortythree,tiãḷis,tiãḷis,,,,,,,,
bagri-44,,bagri,44_fortyfour,cəmmalis,cəmmalis,,,,,,,,
bagri-45,,bagri,45_fortyfive,pε̃ttaḷis,pε̃ttaḷis,,,,,,,,
bagri-46,,bagri,46_fortysix,chiyãḷis,chiyãḷis,,,,,,,,
bagri-47,,bagri,47_fortyseven,sε̃ttaḷis,sε̃ttaḷis,,,,,,,,
bagri-48,,bagri,48_fortyeight,əRttaḷis,əRttaḷis,,,,,,,,
bagri-49,,bagri,49_fortynine,guṇcas,guṇcas,,,,,,,,
bagri-50,,bagri,50_fifty,pəcas,pəcas,,,,,,,,
bagri-51,,bagri,51_fiftyone,ikkawən,ikkawən,,,,,,,,
bagri-52,,bagri,52_fiftytwo,bawən,bawən,,,,,,,,
bagri-53,,bagri,53_fiftythree,təreppən,təreppən,,,,,,,,
bagri-54,,bagri,54_fiftyfour,coppən,coppən,,,,,,,,
bagri-55,,bagri,55_fiftyfive,picppən,picppən,,,,,,,,
bagri-56,,bagri,56_fiftysix,chəppən,chəppən,,,,,,,,
bagri-57,,bagri,57_fiftyseven,səttawan,səttawan,,,,,,,,
bagri-58,,bagri,58_fiftyeight,əṭṭhawən,əṭṭhawən,,,,,,,,
bagri-59,,bagri,59_fiftynine,gunsəṭṭ,gunsəṭṭ,,,,,,,,
bagri-60,,bagri,60_sixty,saṭh,saṭh,,,,,,,,
bagri-61,,bagri,61_sixtyone,ikksəṭṭ,ikksəṭṭ,,,,,,,,
bagri-62,,bagri,62_sixtytwo,basəṭṭ,basəṭṭ,,,,,,,,
bagri-63,,bagri,63_sixtythree,təresəṭṭ,təresəṭṭ,,,,,,,,
bagri-64,,bagri,64_sixtyfour,cõsəṭṭ,cõsəṭṭ,,,,,,,,
bagri-65,,bagri,65_sixtyfive,pε̃səṭṭ,pε̃səṭṭ,,,,,,,,
bagri-66,,bagri,66_sixtysix,chyasəṭṭ,chyasəṭṭ,,,,,,,,
bagri-67,,bagri,67_sixtyseven,səRsəṭṭ,səRsəṭṭ,,,,,,,,
bagri-68,,bagri,68_sixtyeight,əRsəṭṭ,əRsəṭṭ,,,,,,,,
bagri-69,,bagri,69_sixtynine,guṇettər,guṇettər,,,,,,,,
bagri-70,,bagri,70_seventy,səttər,səttər,,,,,,,,
bagri-71,,bagri,71_seventyone,ikkettər,ikkettər,,,,,,,,
bagri-72,,bagri,72_seventytwo,bhεttər,bhεttər,,,,,,,,
bagri-73,,bagri,73_seventythree,tettər,tettər,,,,,,,,
bagri-74,,bagri,74_seventyfour,cottər,cottər,,,,,,,,
bagri-75,,bagri,75_seventyfive,piccettər,piccettər,,,,,,,,
bagri-76,,bagri,76_seventysix,chĩnttər,chĩnttər,,,,,,,,
bagri-77,,bagri,77_seventyseven,səttənttər,səttənttər,,,,,,,,
bagri-78,,bagri,78_seventyeight,əṭṭhənttər,əṭṭhənttər,,,,,,,,
bagri-79,,bagri,79_seventynine,guṇyasi,guṇyasi,,,,,,,,
bagri-80,,bagri,80_eighty,əssi,əssi,,,,,,,,
bagri-81,,bagri,81_eightyone,ikkyasi,ikkyasi,,,,,,,,
bagri-82,,bagri,82_eightytwo,biyãsi,biyãsi,,,,,,,,
bagri-83,,bagri,83_eightythree,tiyãsi,tiyãsi,,,,,,,,
bagri-84,,bagri,84_eightyfour,corasi,corasi,,,,,,,,
bagri-85,,bagri,85_eightyfive,piccyasi,piccyasi,,,,,,,,
bagri-86,,bagri,86_eightysix,chiyãsi,chiyãsi,,,,,,,,
bagri-87,,bagri,87_eightyseven,sittyasi,sittyasi,,,,,,,,
bagri-88,,bagri,88_eightyeight,iṭṭhyasi,iṭṭhyasi,,,,,,,,
bagri-89,,bagri,89_eightynine,newasi,newasi,,,,,,,,
bagri-90,,bagri,90_ninety,nəbbε,nəbbε,,,,,,,,
bagri-91,,bagri,91_ninetyone,ikkaṇmε,ikkaṇmε,,,,,,,,
bagri-92,,bagri,92_ninetytwo,baṇmε,baṇmε,,,,,,,,
bagri-93,,bagri,93_ninetythree,təreṇmε,təreṇmε,,,,,,,,
bagri-94,,bagri,94_ninetyfour,corãṇmε,corãṇmε,,,,,,,,
bagri-95,,bagri,95_ninetyfive,piccyaṇmε,piccyaṇmε,,,,,,,,
bagri-96,,bagri,96_ninetysix,chyaṇmε,chyaṇmε,,,,,,,,
bagri-97,,bagri,97_ninetyseven,sittyaṇmε,sittyaṇmε,,,,,,,,
bagri-98,,bagri,98_ninetyeight,iṭṭhyaṇmε,iṭṭhyaṇmε,,,,,,,,
bagri-99,,bagri,99_ninetynine,ninnyaṇmε,ninnyaṇmε,,,,,,,,
lamani-1,,lamani,1_one,ek,ek,,,,,,,,
lamani-2,,lamani,2_two,di,di,,,,,,,,
lamani-3,,lamani,3_three,tin,tin,,,,,,,,
lamani-4,,lamani,4_four,caar,caar,,,,,,,,
lamani-5,,lamani,5_five,paanc,paanc,,,,,,,,
lamani-6,,lamani,6_six,cho,cho,,,,,,,,
lamani-7,,lamani,7_seven,saat,saat,,,,,,,,
lamani-8,,lamani,8_eight,aaT,aaT,,,,,,,,
lamani-9,,lamani,9_nine,naw,naw,,,,,,,,
lamani-10,,lamani,10_ten,das,das,,,,,,,,
lamani-11,,lamani,11_eleven,gyaara,gyaara,,,,,,,,
lamani-12,,lamani,12_twelve,baara,baara,,,,,,,,
lamani-13,,lamani,13_thirteen,tera,tera,,,,,,,,
lamani-14,,lamani,14_fourteen,cawda,cawda,,,,,,,,
lamani-15,,lamani,15_fifteen,pandra,pandra,,,,,,,,
lamani-16,,lamani,16_sixteen,sola,sola,,,,,,,,
lamani-17,,lamani,17_seventeen,satara,satara,,,,,,,,
lamani-18,,lamani,18_eighteen,aTara,aTara,,,,,,,,
lamani-19,,lamani,19_nineteen,wagNis,wagNis,,,,,,,,
lamani-20,,lamani,20_twenty,vis,vis,,,,,,,,
lamani-21,,lamani,21_twentyone,visanek,visanek,,,,,,,,
lamani-22,,lamani,22_twentytwo,visandi,visandi,,,,,,,,
lamani-23,,lamani,23_twentythree,visantin,visantin,,,,,,,,
lamani-24,,lamani,24_twentyfour,visancaar,visancaar,,,,,,,,
lamani-25,,lamani,25_twentyfive,visanpaanc,visanpaanc,,,,,,,,
lamani-26,,lamani,26_twentysix,visancho,visancho,,,,,,,,
lamani-27,,lamani,27_twentyseven,visansaat,visansaat,,,,,,,,
lamani-28,,lamani,28_twentyeight,visanaaT,visanaaT,,,,,,,,
lamani-29,,lamani,29_twentynine,visannaw,visannaw,,,,,,,,
lamani-30,,lamani,30_thirty,tis,tis,,,,,,,,
lamani-31,,lamani,31_thirtyone,tisanek,tisanek,,,,,,,,
lamani-32,,lamani,32_thirtytwo,tisandi,tisandi,,,,,,,,
lamani-33,,lamani,33_thirtythree,tisantin,tisantin,,,,,,,,
lamani-34,,lamani,34_thirtyfour,tisancaar,tisancaar,,,,,,,,
lamani-35,,lamani,35_thirtyfive,tisanpaanc,tisanpaanc,,,,,,,,
lamani-36,,lamani,36_thirtysix,tisancho,tisancho,,,,,,,,
lamani-37,,lamani,37_thirtyseven,tisansaat,tisansaat,,,,,,,,
lamani-38,,lamani,38_thirtyeight,tisanaaT,tisanaaT,,,,,,,,
lamani-39,,lamani,39_thirtynine,tisannaw,tisannaw,,,,,,,,
lamani-40,,lamani,40_forty,caaLis,caaLis,,,,,,,,
lamani-41,,lamani,41_fortyone,caaLisanek,caaLisanek,,,,,,,,
lamani-42,,lamani,42_fortytwo,caaLisandi,caaLisandi,,,,,,,,
lamani-43,,lamani,43_fortythree,caaLisantin,caaLisantin,,,,,,,,
lamani-44,,lamani,44_fortyfour,caaLisancaar,caaLisancaar,,,,,,,,
lamani-45,,lamani,45_fortyfive,caaLisanpaanc,caaLisanpaanc,,,,,,,,
lamani-46,,lamani,46_fortysix,caaLisancho,caaLisancho,,,,,,,,
lamani-47,,lamani,47_fortyseven,caaLisansaat,caaLisansaat,,,,,,,,
lamani-48,,lamani,48_fortyeight,caaLisanaaT,caaLisanaaT,,,,,,,,
lamani-49,,lamani,49_fortynine,caaLisannaw,caaLisannaw,,,,,,,,
lamani-50,,lamani,50_fifty,pacaas,pacaas,,,,,,,,
lamani-51,,lamani,51_fiftyone,pacaasanek,pacaasanek,,,,,,,,
lamani-52,,lamani,52_fiftytwo,pacaasandi,pacaasandi,,,,,,,,
lamani-53,,lamani,53_fiftythree,pacaasantin,pacaasantin,,,,,,,,
lamani-54,,lamani,54_fiftyfour,pacaasancaar,pacaasancaar,,,,,,,,
lamani-55,,lamani,55_fiftyfive,pacaasanpaanc,pacaasanpaanc,,,,,,,,
lamani-56,,lamani,56_fiftysix,pacaasancho,pacaasancho,,,,,,,,
lamani-57,,lamani,57_fiftyseven,pacaasansaat,pacaasansaat,,,,,,,,
lamani-58,,lamani,58_fiftyeight,pacaasanaaT,pacaasanaaT,,,,,,,,
lamani-59,,lamani,59_fiftynine,pacaasannaw,pacaasannaw,,,,,,,,
lamani-60,,lamani,60_sixty,saaT,saaT,,,,,,,,
lamani-61,,lamani,61_sixtyone,saaTanek,saaTanek,,,,,,,,
lamani-62,,lamani,62_sixtytwo,saaTandi,saaTandi,,,,,,,,
lamani-63,,lamani,63_sixtythree,saaTantin,saaTantin,,,,,,,,
lamani-64,,lamani,64_sixtyfour,saaTancaar,saaTancaar,,,,,,,,
lamani-65,,lamani,65_sixtyfive,saaTanpaanc,saaTanpaanc,,,,,,,,
lamani-66,,lamani,66_sixtysix,saaTancho,saaTancho,,,,,,,,
lamani-67,,lamani,67_sixtyseven,saaTansaat,saaTansaat,,,,,,,,
lamani-68,,lamani,68_sixtyeight,saaTanaaT,saaTanaaT,,,,,,,,
lamani-69,,lamani,69_sixtynine,saaTannaw,saaTannaw,,,,,,,,
lamani-70,,lamani,70_seventy,sattar,sattar,,,,,,,,
lamani-71,,lamani,71_seventyone,sattaranek,sattaranek,,,,,,,,
lamani-72,,lamani,72_seventytwo,sattarandi,sattarandi,,,,,,,,
lamani-73,,lamani,73_seventythree,sattarantin,sattarantin,,,,,,,,
lamani-74,,lamani,74_seventyfour,sattarancaar,sattarancaar,,,,,,,,
lamani-75,,lamani,75_seventyfive,sattaranpaanc,sattaranpaanc,,,,,,,,
lamani-76,,lamani,76_seventysix,sattarancho,sattarancho,,,,,,,,
lamani-77,,lamani,77_seventyseven,sattaransaat,sattaransaat,,,,,,,,
lamani-78,,lamani,78_seventyeight,sattaranaaT,sattaranaaT,,,,,,,,
lamani-79,,lamani,79_seventynine,sattarannaw,sattarannaw,,,,,,,,
lamani-80,,lamani,80_eighty,aỹsi,aỹsi,,,,,,,,
lamani-81,,lamani,81_eightyone,aỹsianek,aỹsianek,,,,,,,,
lamani-82,,lamani,82_eightytwo,aỹsiandi,aỹsiandi,,,,,,,,
lamani-83,,lamani,83_eightythree,aỹsiantin,aỹsiantin,,,,,,,,
lamani-84,,lamani,84_eightyfour,aỹsiancaar,aỹsiancaar,,,,,,,,
lamani-85,,lamani,85_eightyfive,aỹsianpaanc,aỹsianpaanc,,,,,,,,
lamani-86,,lamani,86_eightysix,aỹsiancho,aỹsiancho,,,,,,,,
lamani-87,,lamani,87_eightyseven,aỹsiansaat,aỹsiansaat,,,,,,,,
lamani-88,,lamani,88_eightyeight,aỹsianaaT,aỹsianaaT,,,,,,,,
lamani-89,,lamani,89_eightynine,aỹsiannaw,aỹsiannaw,,,,,,,,
lamani-90,,lamani,90_ninety,nawwad,nawwad,,,,,,,,
lamani-91,,lamani,91_ninetyone,nawwadanek,nawwadanek,,,,,,,,
lamani-92,,lamani,92_ninetytwo,nawwadandi,nawwadandi,,,,,,,,
lamani-93,,lamani,93_ninetythree,nawwadantin,nawwadantin,,,,,,,,
lamani-94,,lamani,94_ninetyfour,nawwadancaar,nawwadancaar,,,,,,,,
lamani-95,,lamani,95_ninetyfive,nawwadanpaanc,nawwadanpaanc,,,,,,,,
lamani-96,,lamani,96_ninetysix,nawwadancho,nawwadancho,,,,,,,,
lamani-97,,lamani,97_ninetyseven,nawwadansaat,nawwadansaat,,,,,,,,
lamani-98,,lamani,98_ninetyeight,nawwadanaaT,nawwadanaaT,,,,,,,,
lamani-99,,lamani,99_ninetynine,nawwadannaw,nawwadannaw,,,,,,,,
torwali-1,,torwali,1_one,ē,ē,,,,,,,,
torwali-2,,torwali,2_two,dū,dū,,,,,,,,
torwali-3,,torwali,3_three,cā,cā,,,,,,,,
torwali-4,,torwali,4_four,cau,cau,,,,,,,,
torwali-5,,torwali,5_five,panj,panj,,,,,,,,
torwali-6,,torwali,6_six,šō,šō,,,,,,,,
torwali-7,,torwali,7_seven,sat,sat,,,,,,,,
torwali-8,,torwali,8_eight,aṭ,aṭ,,,,,,,,
torwali-9,,torwali,9_nine,nōm,nōm,,,,,,,,
torwali-10,,torwali,10_ten,daš,daš,,,,,,,,
torwali-11,,torwali,11_eleven,agāš,agāš,,,,,,,,
torwali-12,,torwali,12_twelve,dvāš,dvāš,,,,,,,,
torwali-13,,torwali,13_thirteen,ceš,ceš,,,,,,,,
torwali-14,,torwali,14_fourteen,cettiš,cettiš,,,,,,,,
torwali-15,,torwali,15_fifteen,paṅš,paṅš,,,,,,,,
torwali-16,,torwali,16_sixteen,šeš,šeš,,,,,,,,
torwali-17,,torwali,17_seventeen,satāš,satāš,,,,,,,,
torwali-18,,torwali,18_eighteen,atāš,atāš,,,,,,,,
torwali-19,,torwali,19_nineteen,anbīš,anbīš,,,,,,,,
torwali-20,,torwali,20_twenty,bīš,bīš,,,,,,,,
torwali-21,,torwali,21_twentyone,ēkobīš,ēkobīš,,,,,,,,
torwali-22,,torwali,22_twentytwo,dūobīš,dūobīš,,,,,,,,
torwali-23,,torwali,23_twentythree,cāobīš,cāobīš,,,,,,,,
torwali-24,,torwali,24_twentyfour,cauobīš,cauobīš,,,,,,,,
torwali-25,,torwali,25_twentyfive,panjobīš,panjobīš,,,,,,,,
torwali-26,,torwali,26_twentysix,šōobīš,šōobīš,,,,,,,,
torwali-27,,torwali,27_twentyseven,satobīš,satobīš,,,,,,,,
torwali-28,,torwali,28_twentyeight,aṭobīš,aṭobīš,,,,,,,,
torwali-29,,torwali,29_twentynine,nōmobīš,nōmobīš,,,,,,,,
torwali-30,,torwali,30_thirty,dašobīš,dašobīš,,,,,,,,
torwali-31,,torwali,31_thirtyone,ēkodašobīš,ēkodašobīš,,,,,,,,
torwali-32,,torwali,32_thirtytwo,dūodašobīš,dūodašobīš,,,,,,,,
torwali-33,,torwali,33_thirtythree,cāodašobīš,cāodašobīš,,,,,,,,
torwali-34,,torwali,34_thirtyfour,cauodašobīš,cauodašobīš,,,,,,,,
torwali-35,,torwali,35_thirtyfive,panjodašobīš,panjodašobīš,,,,,,,,
torwali-36,,torwali,36_thirtysix,šōodašobīš,šōodašobīš,,,,,,,,
torwali-37,,torwali,37_thirtyseven,satodašobīš,satodašobīš,,,,,,,,
torwali-38,,torwali,38_thirtyeight,aṭodašobīš,aṭodašobīš,,,,,,,,
torwali-39,,torwali,39_thirtynine,nōmodašobīš,nōmodašobīš,,,,,,,,
torwali-40,,torwali,40_forty,dūbīš,dūbīš,,,,,,,,
torwali-41,,torwali,41_fortyone,ēkodūbīš,ēkodūbīš,,,,,,,,
torwali-42,,torwali,42_fortytwo,dūodūbīš,dūodūbīš,,,,,,,,
torwali-43,,torwali,43_fortythree,cāodūbīš,cāodūbīš,,,,,,,,
torwali-44,,torwali,44_fortyfour,cauodūbīš,cauodūbīš,,,,,,,,
torwali-45,,torwali,45_fortyfive,panjodūbīš,panjodūbīš,,,,,,,,
torwali-46,,torwali,46_fortysix,šōodūbīš,šōodūbīš,,,,,,,,
torwali-47,,torwali,47_fortyseven,satodūbīš,satodūbīš,,,,,,,,
torwali-48,,torwali,48_fortyeight,aṭodūbīš,aṭodūbīš,,,,,,,,
torwali-49,,torwali,49_fortynine,nōmodūbīš,nōmodūbīš,,,,,,,,
torwali-50,,torwali,50_fifty,dašodūbīš,dašodūbīš,,,,,,,,
torwali-51,,torwali,51_fiftyone,ēkodašodūbīš,ēkodašodūbīš,,,,,,,,
torwali-52,,torwali,52_fiftytwo,dūodašodūbīš,dūodašodūbīš,,,,,,,,
torwali-53,,torwali,53_fiftythree,cāodašodūbīš,cāodašodūbīš,,,,,,,,
torwali-54,,torwali,54_fiftyfour,cauodašodūbīš,cauodašodūbīš,,,,,,,,
torwali-55,,torwali,55_fiftyfive,panjodašodūbīš,panjodašodūbīš,,,,,,,,
torwali-56,,torwali,56_fiftysix,šōodašodūbīš,šōodašodūbīš,,,,,,,,
torwali-57,,torwali,57_fiftyseven,satodašodūbīš,satodašodūbīš,,,,,,,,
torwali-58,,torwali,58_fiftyeight,aṭodašodūbīš,aṭodašodūbīš,,,,,,,,
torwali-59,,torwali,59_fiftynine,nōmodašodūbīš,nōmodašodūbīš,,,,,,,,
torwali-60,,torwali,60_sixty,cābīš,cābīš,,,,,,,,
torwali-61,,torwali,61_sixtyone,ēkocābīš,ēkocābīš,,,,,,,,
torwali-62,,torwali,62_sixtytwo,dūocābīš,dūocābīš,,,,,,,,
torwali-63,,torwali,63_sixtythree,cāocābīš,cāocābīš,,,,,,,,
torwali-64,,torwali,64_sixtyfour,cauocābīš,cauocābīš,,,,,,,,
torwali-65,,torwali,65_sixtyfive,panjocābīš,panjocābīš,,,,,,,,
torwali-66,,torwali,66_sixtysix,šōocābīš,šōocābīš,,,,,,,,
torwali-67,,torwali,67_sixtyseven,satocābīš,satocābīš,,,,,,,,
torwali-68,,torwali,68_sixtyeight,aṭocābīš,aṭocābīš,,,,,,,,
torwali-69,,torwali,69_sixtynine,nōmocābīš,nōmocābīš,,,,,,,,
torwali-70,,torwali,70_seventy,dašocābīš,dašocābīš,,,,,,,,
torwali-71,,torwali,71_seventyone,ēkodašocābīš,ēkodašocābīš,,,,,,,,
torwali-72,,torwali,72_seventytwo,dūodašocābīš,dūodašocābīš,,,,,,,,
torwali-73,,torwali,73_seventythree,cāodašocābīš,cāodašocābīš,,,,,,,,
torwali-74,,torwali,74_seventyfour,cauodašocābīš,cauodašocābīš,,,,,,,,
torwali-75,,torwali,75_seventyfive,panjodašocābīš,panjodašocābīš,,,,,,,,
torwali-76,,torwali,76_seventysix,šōodašocābīš,šōodašocābīš,,,,,,,,
torwali-77,,torwali,77_seventyseven,satodašocābīš,satodašocābīš,,,,,,,,
torwali-78,,torwali,78_seventyeight,aṭodašocābīš,aṭodašocābīš,,,,,,,,
torwali-79,,torwali,79_seventynine,nōmodašocābīš,nōmodašocābīš,,,,,,,,
torwali-80,,torwali,80_eighty,cobīš,cobīš,,,,,,,,
torwali-81,,torwali,81_eightyone,ēkocobīš,ēkocobīš,,,,,,,,
torwali-82,,torwali,82_eightytwo,dūocobīš,dūocobīš,,,,,,,,
torwali-83,,torwali,83_eightythree,cāocobīš,cāocobīš,,,,,,,,
torwali-84,,torwali,84_eightyfour,cauocobīš,cauocobīš,,,,,,,,
torwali-85,,torwali,85_eightyfive,panjocobīš,panjocobīš,,,,,,,,
torwali-86,,torwali,86_eightysix,šōocobīš,šōocobīš,,,,,,,,
torwali-87,,torwali,87_eightyseven,satocobīš,satocobīš,,,,,,,,
torwali-88,,torwali,88_eightyeight,aṭocobīš,aṭocobīš,,,,,,,,
torwali-89,,torwali,89_eightynine,nōmocobīš,nōmocobīš,,,,,,,,
torwali-90,,torwali,90_ninety,dašocobīš,dašocobīš,,,,,,,,
torwali-91,,torwali,91_ninetyone,ēkodašcobīš,ēkodašcobīš,,,,,,,,
torwali-92,,torwali,92_ninetytwo,dūodašcobīš,dūodašcobīš,,,,,,,,
torwali-93,,torwali,93_ninetythree,cāodašcobīš,cāodašcobīš,,,,,,,,
torwali-94,,torwali,94_ninetyfour,cauodašcobīš,cauodašcobīš,,,,,,,,
torwali-95,,torwali,95_ninetyfive,panjodašcobīš,panjodašcobīš,,,,,,,,
torwali-96,,torwali,96_ninetysix,šōodašcobīš,šōodašcobīš,,,,,,,,
torwali-97,,torwali,97_ninetyseven,satodašcobīš,satodašcobīš,,,,,,,,
torwali-98,,torwali,98_ninetyeight,aṭodašcobīš,aṭodašcobīš,,,,,,,,
torwali-99,,torwali,99_ninetynine,nōmodašcobīš,nōmodašcobīš,,,,,,,,
palula-1,,palula,1_one,áak,áak,,,,,,,,
palula-2,,palula,2_two,dúu,dúu,,,,,,,,
palula-3,,palula,3_three,tróo,tróo,,,,,,,,
palula-4,,palula,4_four,čúur,čúur,,,,,,,,
palula-5,,palula,5_five,páanǰ,páanǰ,,,,,,,,
palula-6,,palula,6_six,ṣo,ṣo,,,,,,,,
palula-7,,palula,7_seven,sáat,sáat,,,,,,,,
palula-8,,palula,8_eight,áaṣṭ,áaṣṭ,,,,,,,,
palula-9,,palula,9_nine,núu,núu,,,,,,,,
palula-10,,palula,10_ten,dáaš,dáaš,,,,,,,,
palula-11,,palula,11_eleven,akóoš,akóoš,,,,,,,,
palula-12,,palula,12_twelve,bóoš,bóoš,,,,,,,,
palula-13,,palula,13_thirteen,tríiš,tríiš,,,,,,,,
palula-14,,palula,14_fourteen,čandíiš,čandíiš,,,,,,,,
palula-15,,palula,15_fifteen,panǰíiš,panǰíiš,,,,,,,,
palula-16,,palula,16_sixteen,ṣoṛíiš,ṣoṛíiš,,,,,,,,
palula-17,,palula,17_seventeen,satóoš,satóoš,,,,,,,,
palula-18,,palula,18_eighteen,aṣṭóoš,aṣṭóoš,,,,,,,,
palula-19,,palula,19_nineteen,aṇabhíš,aṇabhíš,,,,,,,,
palula-20,,palula,20_twenty,bhíš,bhíš,,,,,,,,
palula-21,,palula,21_twentyone,bhišeeáak,bhišeeáak,,,,,,,,
palula-22,,palula,22_twentytwo,bhišeedúu,bhišeedúu,,,,,,,,
palula-23,,palula,23_twentythree,bhišeetróo,bhišeetróo,,,,,,,,
palula-24,,palula,24_twentyfour,bhišeečúur,bhišeečúur,,,,,,,,
palula-25,,palula,25_twentyfive,bhišeepáanǰ,bhišeepáanǰ,,,,,,,,
palula-26,,palula,26_twentysix,bhišeeṣó,bhišeeṣó,,,,,,,,
palula-27,,palula,27_twentyseven,bhišeesáat,bhišeesáat,,,,,,,,
palula-28,,palula,28_twentyeight,bhišeeáaṣṭ,bhišeeáaṣṭ,,,,,,,,
palula-29,,palula,29_twentynine,bhišeenúu,bhišeenúu,,,,,,,,
palula-30,,palula,30_thirty,bhišeedáaš,bhišeedáaš,,,,,,,,
palula-31,,palula,31_thirtyone,bhišeeakóoš,bhišeeakóoš,,,,,,,,
palula-32,,palula,32_thirtytwo,bhišeebóoš,bhišeebóoš,,,,,,,,
palula-33,,palula,33_thirtythree,bhišeetríiš,bhišeetríiš,,,,,,,,
palula-34,,palula,34_thirtyfour,bhišeečandíiš,bhišeečandíiš,,,,,,,,
palula-35,,palula,35_thirtyfive,bhišeepanǰíiš,bhišeepanǰíiš,,,,,,,,
palula-36,,palula,36_thirtysix,bhišeeṣoṛíiš,bhišeeṣoṛíiš,,,,,,,,
palula-37,,palula,37_thirtyseven,bhišeesatóoš,bhišeesatóoš,,,,,,,,
palula-38,,palula,38_thirtyeight,bhišeeaṣṭóoš,bhišeeaṣṭóoš,,,,,,,,
palula-39,,palula,39_thirtynine,bhišeeaṇabhíš,bhišeeaṇabhíš,,,,,,,,
palula-40,,palula,40_forty,dubhišá,dubhišá,,,,,,,,
palula-41,,palula,41_fortyone,dubhišeeáak,dubhišeeáak,,,,,,,,
palula-42,,palula,42_fortytwo,dubhišeedúu,dubhišeedúu,,,,,,,,
palula-43,,palula,43_fortythree,dubhišeetróo,dubhišeetróo,,,,,,,,
palula-44,,palula,44_fortyfour,dubhišeečúur,dubhišeečúur,,,,,,,,
palula-45,,palula,45_fortyfive,dubhišeepáanǰ,dubhišeepáanǰ,,,,,,,,
palula-46,,palula,46_fortysix,dubhišeeṣó,dubhišeeṣó,,,,,,,,
palula-47,,palula,47_fortyseven,dubhišeesáat,dubhišeesáat,,,,,,,,
palula-48,,palula,48_fortyeight,dubhišeeáaṣṭ,dubhišeeáaṣṭ,,,,,,,,
palula-49,,palula,49_fortynine,dubhišeenúu,dubhišeenúu,,,,,,,,
palula-50,,palula,50_fifty,dubhišeedáaš,dubhišeedáaš,,,,,,,,
palula-51,,palula,51_fiftyone,dubhišeeakóoš,dubhišeeakóoš,,,,,,,,
palula-52,,palula,52_fiftytwo,dubhišeebóoš,dubhišeebóoš,,,,,,,,
palula-53,,palula,53_fiftythree,dubhišeetríiš,dubhišeetríiš,,,,,,,,
palula-54,,palula,54_fiftyfour,dubhišeečandíiš,dubhišeečandíiš,,,,,,,,
palula-55,,palula,55_fiftyfive,dubhišeepanǰíiš,dubhišeepanǰíiš,,,,,,,,
palula-56,,palula,56_fiftysix,dubhišeeṣoṛíiš,dubhišeeṣoṛíiš,,,,,,,,
palula-57,,palula,57_fiftyseven,dubhišeesatóoš,dubhišeesatóoš,,,,,,,,
palula-58,,palula,58_fiftyeight,dubhišeeaṣṭóoš,dubhišeeaṣṭóoš,,,,,,,,
palula-59,,palula,59_fiftynine,dubhišeeaṇabhíš,dubhišeeaṇabhíš,,,,,,,,
palula-60,,palula,60_sixty,tróobhišá,tróobhišá,,,,,,,,
palula-61,,palula,61_sixtyone,tróobhišeeáak,tróobhišeeáak,,,,,,,,
palula-62,,palula,62_sixtytwo,tróobhišeedúu,tróobhišeedúu,,,,,,,,
palula-63,,palula,63_sixtythree,tróobhišeetróo,tróobhišeetróo,,,,,,,,
palula-64,,palula,64_sixtyfour,tróobhišeečúur,tróobhišeečúur,,,,,,,,
palula-65,,palula,65_sixtyfive,tróobhišeepáanǰ,tróobhišeepáanǰ,,,,,,,,
palula-66,,palula,66_sixtysix,tróobhišeeṣó,tróobhišeeṣó,,,,,,,,
palula-67,,palula,67_sixtyseven,tróobhišeesáat,tróobhišeesáat,,,,,,,,
palula-68,,palula,68_sixtyeight,tróobhišeeáaṣṭ,tróobhišeeáaṣṭ,,,,,,,,
palula-69,,palula,69_sixtynine,tróobhišeenúu,tróobhišeenúu,,,,,,,,
palula-70,,palula,70_seventy,tróobhišeedáaš,tróobhišeedáaš,,,,,,,,
palula-71,,palula,71_seventyone,tróobhišeeakóoš,tróobhišeeakóoš,,,,,,,,
palula-72,,palula,72_seventytwo,tróobhišeebóoš,tróobhišeebóoš,,,,,,,,
palula-73,,palula,73_seventythree,tróobhišeetríiš,tróobhišeetríiš,,,,,,,,
palula-74,,palula,74_seventyfour,tróobhišeečandíiš,tróobhišeečandíiš,,,,,,,,
palula-75,,palula,75_seventyfive,tróobhišeepanǰíiš,tróobhišeepanǰíiš,,,,,,,,
palula-76,,palula,76_seventysix,tróobhišeeṣoṛíiš,tróobhišeeṣoṛíiš,,,,,,,,
palula-77,,palula,77_seventyseven,tróobhišeesatóoš,tróobhišeesatóoš,,,,,,,,
palula-78,,palula,78_seventyeight,tróobhišeeaṣṭóoš,tróobhišeeaṣṭóoš,,,,,,,,
palula-79,,palula,79_seventynine,tróobhišeeaṇabhíš,tróobhišeeaṇabhíš,,,,,,,,
palula-80,,palula,80_eighty,čúurbhišá,čúurbhišá,,,,,,,,
palula-81,,palula,81_eightyone,čúurbhišeeáak,čúurbhišeeáak,,,,,,,,
palula-82,,palula,82_eightytwo,čúurbhišeedúu,čúurbhišeedúu,,,,,,,,
palula-83,,palula,83_eightythree,čúurbhišeetróo,čúurbhišeetróo,,,,,,,,
palula-84,,palula,84_eightyfour,čúurbhišeečúur,čúurbhišeečúur,,,,,,,,
palula-85,,palula,85_eightyfive,čúurbhišeepáanǰ,čúurbhišeepáanǰ,,,,,,,,
palula-86,,palula,86_eightysix,čúurbhišeeṣó,čúurbhišeeṣó,,,,,,,,
palula-87,,palula,87_eightyseven,čúurbhišeesáat,čúurbhišeesáat,,,,,,,,
palula-88,,palula,88_eightyeight,čúurbhišeeáaṣṭ,čúurbhišeeáaṣṭ,,,,,,,,
palula-89,,palula,89_eightynine,čúurbhišeenúu,čúurbhišeenúu,,,,,,,,
palula-90,,palula,90_ninety,čúurbhišeedáaš,čúurbhišeedáaš,,,,,,,,
palula-91,,palula,91_ninetyone,čúurbhišeeakóoš,čúurbhišeeakóoš,,,,,,,,
palula-92,,palula,92_ninetytwo,čúurbhišeebóoš,čúurbhišeebóoš,,,,,,,,
palula-93,,palula,93_ninetythree,čúurbhišeetríiš,čúurbhišeetríiš,,,,,,,,
palula-94,,palula,94_ninetyfour,čúurbhišeečandíiš,čúurbhišeečandíiš,,,,,,,,
palula-95,,palula,95_ninetyfive,čúurbhišeepanǰíiš,čúurbhišeepanǰíiš,,,,,,,,
palula-96,,palula,96_ninetysix,čúurbhišeeṣoṛíiš,čúurbhišeeṣoṛíiš,,,,,,,,
palula-97,,palula,97_ninetyseven,čúurbhišeesatóoš,čúurbhišeesatóoš,,,,,,,,
palula-98,,palula,98_ninetyeight,čúurbhišeeaṣṭóoš,čúurbhišeeaṣṭóoš,,,,,,,,
palula-99,,palula,99_ninetynine,čúurbhišeeaṇabhíš,čúurbhišeeaṇabhíš,,,,,,,,
siraiki-1,,siraiki,1_one,hik,hik,,,,,,,,
siraiki-2,,siraiki,2_two,ɗū,ɗū,,,,,,,,
siraiki-3,,siraiki,3_three,træ,træ,,,,,,,,
siraiki-4,,siraiki,4_four,cār,cār,,,,,,,,
siraiki-5,,siraiki,5_five,pãj,pãj,,,,,,,,
siraiki-6,,siraiki,6_six,chi,chi,,,,,,,,
siraiki-7,,siraiki,7_seven,sat,sat,,,,,,,,
siraiki-8,,siraiki,8_eight,aṭh,aṭh,,,,,,,,
siraiki-9,,siraiki,9_nine,naũ,naũ,,,,,,,,
siraiki-10,,siraiki,10_ten,ɖah,ɖah,,,,,,,,
siraiki-11,,siraiki,11_eleven,yārhā̃,yārhā̃,,,,,,,,
siraiki-12,,siraiki,12_twelve,ɓārhā̃,ɓārhā̃,,,,,,,,
siraiki-13,,siraiki,13_thirteen,terhā̃,terhā̃,,,,,,,,
siraiki-14,,siraiki,14_fourteen,cauɗhā̃,cauɗhā̃,,,,,,,,
siraiki-15,,siraiki,15_fifteen,pandrhā̃,pandrhā̃,,,,,,,,
siraiki-16,,siraiki,16_sixteen,solhā̃,solhā̃,,,,,,,,
siraiki-17,,siraiki,17_seventeen,satārhā̃,satārhā̃,,,,,,,,
siraiki-18,,siraiki,18_eighteen,aṭhārā̃,aṭhārā̃,,,,,,,,
siraiki-19,,siraiki,19_nineteen,unvī,unvī,,,,,,,,
siraiki-20,,siraiki,20_twenty,vīh,vīh,,,,,,,,
siraiki-21,,siraiki,21_twentyone,ikvī,ikvī,,,,,,,,
siraiki-22,,siraiki,22_twentytwo,ɓāvī,ɓāvī,,,,,,,,
siraiki-23,,siraiki,23_twentythree,trevī,trevī,,,,,,,,
siraiki-24,,siraiki,24_twentyfour,cavī,cavī,,,,,,,,
siraiki-25,,siraiki,25_twentyfive,panjvī,panjvī,,,,,,,,
siraiki-26,,siraiki,26_twentysix,chavī,chavī,,,,,,,,
siraiki-27,,siraiki,27_twentyseven,satāvī,satāvī,,,,,,,,
siraiki-28,,siraiki,28_twentyeight,aṭhāvī,aṭhāvī,,,,,,,,
siraiki-29,,siraiki,29_twentynine,unattrī,unattrī,,,,,,,,
siraiki-30,,siraiki,30_thirty,trīh,trīh,,,,,,,,
siraiki-31,,siraiki,31_thirtyone,ikatrī,ikatrī,,,,,,,,
siraiki-32,,siraiki,32_thirtytwo,ɓatrī,ɓatrī,,,,,,,,
siraiki-33,,siraiki,33_thirtythree,tẽtrī,tẽtrī,,,,,,,,
siraiki-34,,siraiki,34_thirtyfour,caɔ̃trī,caɔ̃trī,,,,,,,,
siraiki-35,,siraiki,35_thirtyfive,pæntrī,pæntrī,,,,,,,,
siraiki-36,,siraiki,36_thirtysix,chatrī,chatrī,,,,,,,,
siraiki-37,,siraiki,37_thirtyseven,satattrī,satattrī,,,,,,,,
siraiki-38,,siraiki,38_thirtyeight,aṭhattrī,aṭhattrī,,,,,,,,
siraiki-39,,siraiki,39_thirtynine,untālī,untālī,,,,,,,,
siraiki-40,,siraiki,40_forty,calī,calī,,,,,,,,
siraiki-41,,siraiki,41_fortyone,iktālī,iktālī,,,,,,,,
siraiki-42,,siraiki,42_fortytwo,ɓitālī,ɓitālī,,,,,,,,
siraiki-43,,siraiki,43_fortythree,tirtālī,tirtālī,,,,,,,,
siraiki-44,,siraiki,44_fortyfour,cutālī,cutālī,,,,,,,,
siraiki-45,,siraiki,45_fortyfive,pæ̃tālī,pæ̃tālī,,,,,,,,
siraiki-46,,siraiki,46_fortysix,chitālī,chitālī,,,,,,,,
siraiki-47,,siraiki,47_fortyseven,satālī,satālī,,,,,,,,
siraiki-48,,siraiki,48_fortyeight,aṭhtālī,aṭhtālī,,,,,,,,
siraiki-49,,siraiki,49_fortynine,unvanjhā,unvanjhā,,,,,,,,
siraiki-50,,siraiki,50_fifty,panjhā,panjhā,,,,,,,,
siraiki-51,,siraiki,51_fiftyone,ikvanjhā,ikvanjhā,,,,,,,,
siraiki-52,,siraiki,52_fiftytwo,ɓavanjhā,ɓavanjhā,,,,,,,,
siraiki-53,,siraiki,53_fiftythree,tirvanjhā,tirvanjhā,,,,,,,,
siraiki-54,,siraiki,54_fiftyfour,curvanjhā,curvanjhā,,,,,,,,
siraiki-55,,siraiki,55_fiftyfive,pacvanjhā,pacvanjhā,,,,,,,,
siraiki-56,,siraiki,56_fiftysix,chivanjhā,chivanjhā,,,,,,,,
siraiki-57,,siraiki,57_fiftyseven,satvanjhā,satvanjhā,,,,,,,,
siraiki-58,,siraiki,58_fiftyeight,aṭhvanjhā,aṭhvanjhā,,,,,,,,
siraiki-59,,siraiki,59_fiftynine,unæṭh,unæṭh,,,,,,,,
siraiki-60,,siraiki,60_sixty,saṭh,saṭh,,,,,,,,
siraiki-61,,siraiki,61_sixtyone,ikæṭh,ikæṭh,,,,,,,,
siraiki-62,,siraiki,62_sixtytwo,ɓæṭh,ɓæṭh,,,,,,,,
siraiki-63,,siraiki,63_sixtythree,treṭh,treṭh,,,,,,,,
siraiki-64,,siraiki,64_sixtyfour,cũṭh,cũṭh,,,,,,,,
siraiki-65,,siraiki,65_sixtyfive,panjæṭh,panjæṭh,,,,,,,,
siraiki-66,,siraiki,66_sixtysix,chiæṭh,chiæṭh,,,,,,,,
siraiki-67,,siraiki,67_sixtyseven,satæṭh,satæṭh,,,,,,,,
siraiki-68,,siraiki,68_sixtyeight,aṭhæṭh,aṭhæṭh,,,,,,,,
siraiki-69,,siraiki,69_sixtynine,unhattar,unhattar,,,,,,,,
siraiki-70,,siraiki,70_seventy,sattar,sattar,,,,,,,,
siraiki-71,,siraiki,71_seventyone,ikhattar,ikhattar,,,,,,,,
siraiki-72,,siraiki,72_seventytwo,ɓahattar,ɓahattar,,,,,,,,
siraiki-73,,siraiki,73_seventythree,tihattar,tihattar,,,,,,,,
siraiki-74,,siraiki,74_seventyfour,cuhattar,cuhattar,,,,,,,,
siraiki-75,,siraiki,75_seventyfive,panjhattar,panjhattar,,,,,,,,
siraiki-76,,siraiki,76_seventysix,chihattar,chihattar,,,,,,,,
siraiki-77,,siraiki,77_seventyseven,satattar,satattar,,,,,,,,
siraiki-78,,siraiki,78_seventyeight,aṭhattar,aṭhattar,,,,,,,,
siraiki-79,,siraiki,79_seventynine,unāsī,unāsī,,,,,,,,
siraiki-80,,siraiki,80_eighty,asī,asī,,,,,,,,
siraiki-81,,siraiki,81_eightyone,ikāsī,ikāsī,,,,,,,,
siraiki-82,,siraiki,82_eightytwo,ɓiāsī,ɓiāsī,,,,,,,,
siraiki-83,,siraiki,83_eightythree,tirāsī,tirāsī,,,,,,,,
siraiki-84,,siraiki,84_eightyfour,curāsī,curāsī,,,,,,,,
siraiki-85,,siraiki,85_eightyfive,panjāsī,panjāsī,,,,,,,,
siraiki-86,,siraiki,86_eightysix,chiāsī,chiāsī,,,,,,,,
siraiki-87,,siraiki,87_eightyseven,satāsī,satāsī,,,,,,,,
siraiki-88,,siraiki,88_eightyeight,aṭhāsī,aṭhāsī,,,,,,,,
siraiki-89,,siraiki,89_eightynine,unānve,unānve,,,,,,,,
siraiki-90,,siraiki,90_ninety,navve,navve,,,,,,,,
siraiki-91,,siraiki,91_ninetyone,ikānve,ikānve,,,,,,,,
siraiki-92,,siraiki,92_ninetytwo,ɓiānve,ɓiānve,,,,,,,,
siraiki-93,,siraiki,93_ninetythree,triānve,triānve,,,,,,,,
siraiki-94,,siraiki,94_ninetyfour,curānve,curānve,,,,,,,,
siraiki-95,,siraiki,95_ninetyfive,panjānve,panjānve,,,,,,,,
siraiki-96,,siraiki,96_ninetysix,chiānve,chiānve,,,,,,,,
siraiki-97,,siraiki,97_ninetyseven,satānve,satānve,,,,,,,,
siraiki-98,,siraiki,98_ninetyeight,aṭhānve,aṭhānve,,,,,,,,
siraiki-99,,siraiki,99_ninetynine,niranve,niranve,,,,,,,,
domaki-1,,domaki,1_one,ɛk,ɛk,,,,,,,,
domaki-2,,domaki,2_two,duˑi,duˑi,,,,,,,,
domaki-3,,domaki,3_three,č̣æi,č̣æi,,,,,,,,
domaki-4,,domaki,4_four,čaˑur,čaˑur,,,,,,,,
domaki-5,,domaki,5_five,poˑi,poˑi,,,,,,,,
domaki-6,,domaki,6_six,ṣ̌a,ṣ̌a,,,,,,,,
domaki-7,,domaki,7_seven,sʊt,sʊt,,,,,,,,
domaki-8,,domaki,8_eight,oṣ̌ṭ,oṣ̌ṭ,,,,,,,,
domaki-9,,domaki,9_nine,naˑu,naˑu,,,,,,,,
domaki-10,,domaki,10_ten,daˑi,daˑi,,,,,,,,
domaki-11,,domaki,11_eleven,ɛkaˑi,ɛkaˑi,,,,,,,,
domaki-12,,domaki,12_twelve,baˑi,baˑi,,,,,,,,
domaki-13,,domaki,13_thirteen,č̣oˑi,č̣oˑi,,,,,,,,
domaki-14,,domaki,14_fourteen,čaundæi,čaundæi,,,,,,,,
domaki-15,,domaki,15_fifteen,pʌnzæi,pʌnzæi,,,,,,,,
domaki-16,,domaki,16_sixteen,ṣ̌õˑwæi,ṣ̌õˑwæi,,,,,,,,
domaki-17,,domaki,17_seventeen,šʌtãˑi,šʌtãˑi,,,,,,,,
domaki-18,,domaki,18_eighteen,ʌṣ̌ṭãˑi,ʌṣ̌ṭãˑi,,,,,,,,
domaki-19,,domaki,19_nineteen,kʊn'i,kʊn'i,,,,,,,,
domaki-20,,domaki,20_twenty,biˑš,biˑš,,,,,,,,
domaki-21,,domaki,21_twentyone,biˑšoɛk,biˑšoɛk,,,,,,,,
domaki-22,,domaki,22_twentytwo,biˑšoduˑi,biˑšoduˑi,,,,,,,,
domaki-23,,domaki,23_twentythree,biˑšoč̣æi,biˑšoč̣æi,,,,,,,,
domaki-24,,domaki,24_twentyfour,biˑšočaˑur,biˑšočaˑur,,,,,,,,
domaki-25,,domaki,25_twentyfive,biˑšopoˑi,biˑšopoˑi,,,,,,,,
domaki-26,,domaki,26_twentysix,biˑšoṣ̌a,biˑšoṣ̌a,,,,,,,,
domaki-27,,domaki,27_twentyseven,biˑšosʊt,biˑšosʊt,,,,,,,,
domaki-28,,domaki,28_twentyeight,biˑšooṣ̌ṭ,biˑšooṣ̌ṭ,,,,,,,,
domaki-29,,domaki,29_twentynine,biˑšonaˑu,biˑšonaˑu,,,,,,,,
domaki-30,,domaki,30_thirty,biˑšodaˑi,biˑšodaˑi,,,,,,,,
domaki-31,,domaki,31_thirtyone,biˑšoɛkaˑi,biˑšoɛkaˑi,,,,,,,,
domaki-32,,domaki,32_thirtytwo,biˑšobaˑi,biˑšobaˑi,,,,,,,,
domaki-33,,domaki,33_thirtythree,biˑšoč̣oˑi,biˑšoč̣oˑi,,,,,,,,
domaki-34,,domaki,34_thirtyfour,biˑšočaundæi,biˑšočaundæi,,,,,,,,
domaki-35,,domaki,35_thirtyfive,biˑšopʌnzæi,biˑšopʌnzæi,,,,,,,,
domaki-36,,domaki,36_thirtysix,biˑšoṣ̌õˑwæi,biˑšoṣ̌õˑwæi,,,,,,,,
domaki-37,,domaki,37_thirtyseven,biˑšošʌtãˑi,biˑšošʌtãˑi,,,,,,,,
domaki-38,,domaki,38_thirtyeight,biˑšoʌṣ̌ṭãˑi,biˑšoʌṣ̌ṭãˑi,,,,,,,,
domaki-39,,domaki,39_thirtynine,biˑšokʊn'i,biˑšokʊn'i,,,,,,,,
domaki-40,,domaki,40_forty,duˑibiˑš,duˑibiˑš,,,,,,,,
domaki-41,,domaki,41_fortyone,duˑibiˑšoɛkaˑi,duˑibiˑšoɛkaˑi,,,,,,,,
domaki-42,,domaki,42_fortytwo,duˑibiˑšobaˑi,duˑibiˑšobaˑi,,,,,,,,
domaki-43,,domaki,43_fortythree,duˑibiˑšoč̣oˑi,duˑibiˑšoč̣oˑi,,,,,,,,
domaki-44,,domaki,44_fortyfour,duˑibiˑšočaundæi,duˑibiˑšočaundæi,,,,,,,,
domaki-45,,domaki,45_fortyfive,duˑibiˑšopʌnzæi,duˑibiˑšopʌnzæi,,,,,,,,
domaki-46,,domaki,46_fortysix,duˑibiˑšoṣ̌õˑwæi,duˑibiˑšoṣ̌õˑwæi,,,,,,,,
domaki-47,,domaki,47_fortyseven,duˑibiˑšošʌtãˑi,duˑibiˑšošʌtãˑi,,,,,,,,
domaki-48,,domaki,48_fortyeight,duˑibiˑšoʌṣ̌ṭãˑi,duˑibiˑšoʌṣ̌ṭãˑi,,,,,,,,
domaki-49,,domaki,49_fortynine,duˑibiˑšokʊn'i,duˑibiˑšokʊn'i,,,,,,,,
domaki-50,,domaki,50_fifty,duˑibiˑšodaˑi,duˑibiˑšodaˑi,,,,,,,,
domaki-51,,domaki,51_fiftyone,duˑibiˑšoɛkaˑi,duˑibiˑšoɛkaˑi,,,,,,,,
domaki-52,,domaki,52_fiftytwo,duˑibiˑšobaˑi,duˑibiˑšobaˑi,,,,,,,,
domaki-53,,domaki,53_fiftythree,duˑibiˑšoč̣oˑi,duˑibiˑšoč̣oˑi,,,,,,,,
domaki-54,,domaki,54_fiftyfour,duˑibiˑšočaundæi,duˑibiˑšočaundæi,,,,,,,,
domaki-55,,domaki,55_fiftyfive,duˑibiˑšopʌnzæi,duˑibiˑšopʌnzæi,,,,,,,,
domaki-56,,domaki,56_fiftysix,duˑibiˑšoṣ̌õˑwæi,duˑibiˑšoṣ̌õˑwæi,,,,,,,,
domaki-57,,domaki,57_fiftyseven,duˑibiˑšošʌtãˑi,duˑibiˑšošʌtãˑi,,,,,,,,
domaki-58,,domaki,58_fiftyeight,duˑibiˑšoʌṣ̌ṭãˑi,duˑibiˑšoʌṣ̌ṭãˑi,,,,,,,,
domaki-59,,domaki,59_fiftynine,duˑibiˑšokʊn'i,duˑibiˑšokʊn'i,,,,,,,,
domaki-60,,domaki,60_sixty,č̣æibiˑš,č̣æibiˑš,,,,,,,,
domaki-61,,domaki,61_sixtyone,č̣æibiˑšoɛkaˑi,č̣æibiˑšoɛkaˑi,,,,,,,,
domaki-62,,domaki,62_sixtytwo,č̣æibiˑšobaˑi,č̣æibiˑšobaˑi,,,,,,,,
domaki-63,,domaki,63_sixtythree,č̣æibiˑšoč̣oˑi,č̣æibiˑšoč̣oˑi,,,,,,,,
domaki-64,,domaki,64_sixtyfour,č̣æibiˑšočaundæi,č̣æibiˑšočaundæi,,,,,,,,
domaki-65,,domaki,65_sixtyfive,č̣æibiˑšopʌnzæi,č̣æibiˑšopʌnzæi,,,,,,,,
domaki-66,,domaki,66_sixtysix,č̣æibiˑšoṣ̌õˑwæi,č̣æibiˑšoṣ̌õˑwæi,,,,,,,,
domaki-67,,domaki,67_sixtyseven,č̣æibiˑšošʌtãˑi,č̣æibiˑšošʌtãˑi,,,,,,,,
domaki-68,,domaki,68_sixtyeight,č̣æibiˑšoʌṣ̌ṭãˑi,č̣æibiˑšoʌṣ̌ṭãˑi,,,,,,,,
domaki-69,,domaki,69_sixtynine,č̣æibiˑšokʊn'i,č̣æibiˑšokʊn'i,,,,,,,,
domaki-70,,domaki,70_seventy,č̣æibiˑšodaˑi,č̣æibiˑšodaˑi,,,,,,,,
domaki-71,,domaki,71_seventyone,č̣æibiˑšoɛkaˑi,č̣æibiˑšoɛkaˑi,,,,,,,,
domaki-72,,domaki,72_seventytwo,č̣æibiˑšobaˑi,č̣æibiˑšobaˑi,,,,,,,,
domaki-73,,domaki,73_seventythree,č̣æibiˑšoč̣oˑi,č̣æibiˑšoč̣oˑi,,,,,,,,
domaki-74,,domaki,74_seventyfour,č̣æibiˑšočaundæi,č̣æibiˑšočaundæi,,,,,,,,
domaki-75,,domaki,75_seventyfive,č̣æibiˑšopʌnzæi,č̣æibiˑšopʌnzæi,,,,,,,,
domaki-76,,domaki,76_seventysix,č̣æibiˑšoṣ̌õˑwæi,č̣æibiˑšoṣ̌õˑwæi,,,,,,,,
domaki-77,,domaki,77_seventyseven,č̣æibiˑšošʌtãˑi,č̣æibiˑšošʌtãˑi,,,,,,,,
domaki-78,,domaki,78_seventyeight,č̣æibiˑšoʌṣ̌ṭãˑi,č̣æibiˑšoʌṣ̌ṭãˑi,,,,,,,,
domaki-79,,domaki,79_seventynine,č̣æibiˑšokʊn'i,č̣æibiˑšokʊn'i,,,,,,,,
domaki-80,,domaki,80_eighty,čaˑrbiˑš,čaˑrbiˑš,,,,,,,,
domaki-81,,domaki,81_eightyone,čaˑrbiˑšoɛkaˑi,čaˑrbiˑšoɛkaˑi,,,,,,,,
domaki-82,,domaki,82_eightytwo,čaˑrbiˑšobaˑi,čaˑrbiˑšobaˑi,,,,,,,,
domaki-83,,domaki,83_eightythree,čaˑrbiˑšoč̣oˑi,čaˑrbiˑšoč̣oˑi,,,,,,,,
domaki-84,,domaki,84_eightyfour,čaˑrbiˑšočaundæi,čaˑrbiˑšočaundæi,,,,,,,,
domaki-85,,domaki,85_eightyfive,čaˑrbiˑšopʌnzæi,čaˑrbiˑšopʌnzæi,,,,,,,,
domaki-86,,domaki,86_eightysix,čaˑrbiˑšoṣ̌õˑwæi,čaˑrbiˑšoṣ̌õˑwæi,,,,,,,,
domaki-87,,domaki,87_eightyseven,čaˑrbiˑšošʌtãˑi,čaˑrbiˑšošʌtãˑi,,,,,,,,
domaki-88,,domaki,88_eightyeight,čaˑrbiˑšoʌṣ̌ṭãˑi,čaˑrbiˑšoʌṣ̌ṭãˑi,,,,,,,,
domaki-89,,domaki,89_eightynine,čaˑrbiˑšokʊn'i,čaˑrbiˑšokʊn'i,,,,,,,,
domaki-90,,domaki,90_ninety,čaˑrbiˑšodaˑi,čaˑrbiˑšodaˑi,,,,,,,,
domaki-91,,domaki,91_ninetyone,čaˑrbiˑšoɛkaˑi,čaˑrbiˑšoɛkaˑi,,,,,,,,
domaki-92,,domaki,92_ninetytwo,čaˑrbiˑšobaˑi,čaˑrbiˑšobaˑi,,,,,,,,
domaki-93,,domaki,93_ninetythree,čaˑrbiˑšoč̣oˑi,čaˑrbiˑšoč̣oˑi,,,,,,,,
domaki-94,,domaki,94_ninetyfour,čaˑrbiˑšočaundæi,čaˑrbiˑšočaundæi,,,,,,,,
domaki-95,,domaki,95_ninetyfive,čaˑrbiˑšopʌnzæi,čaˑrbiˑšopʌnzæi,,,,,,,,
domaki-96,,domaki,96_ninetysix,čaˑrbiˑšoṣ̌õˑwæi,čaˑrbiˑšoṣ̌õˑwæi,,,,,,,,
domaki-97,,domaki,97_ninetyseven,čaˑrbiˑšošʌtãˑi,čaˑrbiˑšošʌtãˑi,,,,,,,,
domaki-98,,domaki,98_ninetyeight,čaˑrbiˑšoʌṣ̌ṭãˑi,čaˑrbiˑšoʌṣ̌ṭãˑi,,,,,,,,
domaki-99,,domaki,99_ninetynine,čaˑrbiˑšokʊn'i,čaˑrbiˑšokʊn'i,,,,,,,,
gurezi_shina-1,,gurezi_shina,1_one,ek,ek,,,,,,,,
gurezi_shina-2,,gurezi_shina,2_two,du̗u,du̗u,,,,,,,,
gurezi_shina-3,,gurezi_shina,3_three,ʃʈee̗,ʃʈee̗,,,,,,,,
gurezi_shina-4,,gurezi_shina,4_four,ʃta̗ar,ʃta̗ar,,,,,,,,
gurezi_shina-5,,gurezi_shina,5_five,põʃ,põʃ,,,,,,,,
gurezi_shina-6,,gurezi_shina,6_six,ʃa,ʃa,,,,,,,,
gurezi_shina-7,,gurezi_shina,7_seven,sat,sat,,,,,,,,
gurezi_shina-8,,gurezi_shina,8_eight,ãʃʈ,ãʃʈ,,,,,,,,
gurezi_shina-9,,gurezi_shina,9_nine,nõ̗õ,nõ̗õ,,,,,,,,
gurezi_shina-10,,gurezi_shina,10_ten,daj,daj,,,,,,,,
gurezi_shina-11,,gurezi_shina,11_eleven,aka̗aj,aka̗aj,,,,,,,,
gurezi_shina-12,,gurezi_shina,12_twelve,ba̗aj,ba̗aj,,,,,,,,
gurezi_shina-13,,gurezi_shina,13_thirteen,tʃõj,tʃõj,,,,,,,,
gurezi_shina-14,,gurezi_shina,14_fourteen,tʃõ̗daj,tʃõ̗daj,,,,,,,,
gurezi_shina-15,,gurezi_shina,15_fifteen,pãzũ̗laj,pãzũ̗laj,,,,,,,,
gurezi_shina-16,,gurezi_shina,16_sixteen,ʃõ̗õj,ʃõ̗õj,,,,,,,,
gurezi_shina-17,,gurezi_shina,17_seventeen,sata̗aj,sata̗aj,,,,,,,,
gurezi_shina-18,,gurezi_shina,18_eighteen,ãʃʈa̗aj,ãʃʈa̗aj,,,,,,,,
gurezi_shina-19,,gurezi_shina,19_nineteen,kunji̗ih,kunji̗ih,,,,,,,,
gurezi_shina-20,,gurezi_shina,20_twenty,bi̗i,bi̗i,,,,,,,,
gurezi_shina-21,,gurezi_shina,21_twentyone,bigiek,bigiek,,,,,,,,
gurezi_shina-22,,gurezi_shina,22_twentytwo,bigidu̗u,bigidu̗u,,,,,,,,
gurezi_shina-23,,gurezi_shina,23_twentythree,bigiʃʈee̗,bigiʃʈee̗,,,,,,,,
gurezi_shina-24,,gurezi_shina,24_twentyfour,bigiʃta̗ar,bigiʃta̗ar,,,,,,,,
gurezi_shina-25,,gurezi_shina,25_twentyfive,bigipõʃ,bigipõʃ,,,,,,,,
gurezi_shina-26,,gurezi_shina,26_twentysix,bigiʃa,bigiʃa,,,,,,,,
gurezi_shina-27,,gurezi_shina,27_twentyseven,bigisat,bigisat,,,,,,,,
gurezi_shina-28,,gurezi_shina,28_twentyeight,bigiãʃ,bigiãʃ,,,,,,,,
gurezi_shina-29,,gurezi_shina,29_twentynine,biginõ̗õ,biginõ̗õ,,,,,,,,
gurezi_shina-30,,gurezi_shina,30_thirty,ʃʈii̗,ʃʈii̗,,,,,,,,
gurezi_shina-31,,gurezi_shina,31_thirtyone,bigiaka̗aj,bigiaka̗aj,,,,,,,,
gurezi_shina-32,,gurezi_shina,32_thirtytwo,bigiba̗aj,bigiba̗aj,,,,,,,,
gurezi_shina-33,,gurezi_shina,33_thirtythree,bigitʃõj,bigitʃõj,,,,,,,,
gurezi_shina-34,,gurezi_shina,34_thirtyfour,bigitʃõ̗daj,bigitʃõ̗daj,,,,,,,,
gurezi_shina-35,,gurezi_shina,35_thirtyfive,bigipãzũ̗laj,bigipãzũ̗laj,,,,,,,,
gurezi_shina-36,,gurezi_shina,36_thirtysix,bigiʃõ̗oj,bigiʃõ̗oj,,,,,,,,
gurezi_shina-37,,gurezi_shina,37_thirtyseven,bigisata̗aj,bigisata̗aj,,,,,,,,
gurezi_shina-38,,gurezi_shina,38_thirtyeight,bigiãʃʈa̗aj,bigiãʃʈa̗aj,,,,,,,,
gurezi_shina-39,,gurezi_shina,39_thirtynine,bigikunji̗ih,ekkamdi̗bju,bigikunji̗ih,ekkamdi̗bju,,,,,,,,
gurezi_shina-40,,gurezi_shina,40_forty,di̗bju,di̗bju,,,,,,,,
gurezi_shina-41,,gurezi_shina,41_fortyone,di̗bjugiek,di̗bjugiek,,,,,,,,
gurezi_shina-42,,gurezi_shina,42_fortytwo,di̗bjugidu̗u,di̗bjugidu̗u,,,,,,,,
gurezi_shina-43,,gurezi_shina,43_fortythree,di̗bjugiʃʈee̗,di̗bjugiʃʈee̗,,,,,,,,
gurezi_shina-44,,gurezi_shina,44_fortyfour,di̗bjugiʃta̗ar,di̗bjugiʃta̗ar,,,,,,,,
gurezi_shina-45,,gurezi_shina,45_fortyfive,di̗bjugipõʃ,di̗bjugipõʃ,,,,,,,,
gurezi_shina-46,,gurezi_shina,46_fortysix,di̗bjugiʃa,di̗bjugiʃa,,,,,,,,
gurezi_shina-47,,gurezi_shina,47_fortyseven,di̗bjugisat,di̗bjugisat,,,,,,,,
gurezi_shina-48,,gurezi_shina,48_fortyeight,di̗bjugiãʃ,di̗bjugiãʃ,,,,,,,,
gurezi_shina-49,,gurezi_shina,49_fortynine,dibjuginõ̗õ,dibjuginõ̗õ,,,,,,,,
gurezi_shina-50,,gurezi_shina,50_fifty,di̗bjugidaj,di̗bjugidaj,,,,,,,,
gurezi_shina-51,,gurezi_shina,51_fiftyone,di̗bjugiaka̗aj,di̗bjugiaka̗aj,,,,,,,,
gurezi_shina-52,,gurezi_shina,52_fiftytwo,di̗bjugiba̗aj,di̗bjugiba̗aj,,,,,,,,
gurezi_shina-53,,gurezi_shina,53_fiftythree,di̗bjugitʃõj,di̗bjugitʃõj,,,,,,,,
gurezi_shina-54,,gurezi_shina,54_fiftyfour,di̗bjugitʃõ̗daj,di̗bjugitʃõ̗daj,,,,,,,,
gurezi_shina-55,,gurezi_shina,55_fiftyfive,di̗bjugipãzũ̗laj,di̗bjugipãzũ̗laj,,,,,,,,
gurezi_shina-56,,gurezi_shina,56_fiftysix,di̗bjugiʃõ̗oj,di̗bjugiʃõ̗oj,,,,,,,,
gurezi_shina-57,,gurezi_shina,57_fiftyseven,di̗bjugisata̗aj,di̗bjugisata̗aj,,,,,,,,
gurezi_shina-58,,gurezi_shina,58_fiftyeight,di̗bjugiãʃʈa̗aj,di̗bjugiãʃʈa̗aj,,,,,,,,
gurezi_shina-59,,gurezi_shina,59_fiftynine,di̗bjugikunji̗ih,ekkamʃta̗buj,di̗bjugikunji̗ih,ekkamʃta̗buj,,,,,,,,
gurezi_shina-60,,gurezi_shina,60_sixty,ʃta̗buj,ʃta̗buj,,,,,,,,
gurezi_shina-61,,gurezi_shina,61_sixtyone,ʃta̗bujgiek,ʃta̗bujgiek,,,,,,,,
gurezi_shina-62,,gurezi_shina,62_sixtytwo,ʃta̗bujgidu̗u,ʃta̗bujgidu̗u,,,,,,,,
gurezi_shina-63,,gurezi_shina,63_sixtythree,ʃta̗bujgiʃʈee̗,ʃta̗bujgiʃʈee̗,,,,,,,,
gurezi_shina-64,,gurezi_shina,64_sixtyfour,ʃta̗bujgiʃta̗ar,ʃta̗bujgiʃta̗ar,,,,,,,,
gurezi_shina-65,,gurezi_shina,65_sixtyfive,ʃta̗bujgipõʃ,ʃta̗bujgipõʃ,,,,,,,,
gurezi_shina-66,,gurezi_shina,66_sixtysix,ʃta̗bujgiʃa,ʃta̗bujgiʃa,,,,,,,,
gurezi_shina-67,,gurezi_shina,67_sixtyseven,ʃta̗bujgisat,ʃta̗bujgisat,,,,,,,,
gurezi_shina-68,,gurezi_shina,68_sixtyeight,ʃta̗bujgiãʃ,ʃta̗bujgiãʃ,,,,,,,,
gurezi_shina-69,,gurezi_shina,69_sixtynine,ʃta̗bujginõ̗õ,ʃta̗bujginõ̗õ,,,,,,,,
gurezi_shina-70,,gurezi_shina,70_seventy,ʃta̗bujgidaj,ʃta̗bujgidaj,,,,,,,,
gurezi_shina-71,,gurezi_shina,71_seventyone,ʃta̗bujgiaka̗aj,ʃta̗bujgiaka̗aj,,,,,,,,
gurezi_shina-72,,gurezi_shina,72_seventytwo,ʃta̗bujgiba̗aj,ʃta̗bujgiba̗aj,,,,,,,,
gurezi_shina-73,,gurezi_shina,73_seventythree,ʃta̗bujgitʃõj,ʃta̗bujgitʃõj,,,,,,,,
gurezi_shina-74,,gurezi_shina,74_seventyfour,ʃta̗bujgitʃõ̗daj,ʃta̗bujgitʃõ̗daj,,,,,,,,
gurezi_shina-75,,gurezi_shina,75_seventyfive,ʃta̗bujgipãzũ̗laj,ʃta̗bujgipãzũ̗laj,,,,,,,,
gurezi_shina-76,,gurezi_shina,76_seventysix,ʃta̗bujgiʃõ̗oj,ʃta̗bujgiʃõ̗oj,,,,,,,,
gurezi_shina-77,,gurezi_shina,77_seventyseven,ʃta̗bujgisata̗aj,ʃta̗bujgisata̗aj,,,,,,,,
gurezi_shina-78,,gurezi_shina,78_seventyeight,ʃta̗bujgiãʃʈa̗aj,ʃta̗bujgiãʃʈa̗aj,,,,,,,,
gurezi_shina-79,,gurezi_shina,79_seventynine,ʃta̗bujgikunji̗ih,ʃta̗bujgikunji̗ih,,,,,,,,
gurezi_shina-80,,gurezi_shina,80_eighty,ʃta̗rbjuj,ʃta̗rbjuj,,,,,,,,
gurezi_shina-81,,gurezi_shina,81_eightyone,ʃta̗rbjujgiek,ʃta̗rbjujgiek,,,,,,,,
gurezi_shina-82,,gurezi_shina,82_eightytwo,ʃta̗rbjujgidu̗u,ʃta̗rbjujgidu̗u,,,,,,,,
gurezi_shina-83,,gurezi_shina,83_eightythree,ʃta̗rbjujgiʃʈee̗,ʃta̗rbjujgiʃʈee̗,,,,,,,,
gurezi_shina-84,,gurezi_shina,84_eightyfour,ʃta̗rbjujgiʃta̗ar,ʃta̗rbjujgiʃta̗ar,,,,,,,,
gurezi_shina-85,,gurezi_shina,85_eightyfive,ʃta̗rbjujgipõʃ,ʃta̗rbjujgipõʃ,,,,,,,,
gurezi_shina-86,,gurezi_shina,86_eightysix,ʃta̗rbjujgiʃa,ʃta̗rbjujgiʃa,,,,,,,,
gurezi_shina-87,,gurezi_shina,87_eightyseven,ʃta̗rbjujgisat,ʃta̗rbjujgisat,,,,,,,,
gurezi_shina-88,,gurezi_shina,88_eightyeight,ʃta̗rbjujgiãʃ,ʃta̗rbjujgiãʃ,,,,,,,,
gurezi_shina-89,,gurezi_shina,89_eightynine,ʃta̗rbjujginõ̗õ,ʃta̗rbjujginõ̗õ,,,,,,,,
gurezi_shina-90,,gurezi_shina,90_ninety,ʃta̗rbjujgidaj,ʃta̗rbjujgidaj,,,,,,,,
gurezi_shina-91,,gurezi_shina,91_ninetyone,ʃta̗rbjujgiaka̗aj,ʃta̗rbjujgiaka̗aj,,,,,,,,
gurezi_shina-92,,gurezi_shina,92_ninetytwo,ʃta̗rbjujgiba̗aj,ʃta̗rbjujgiba̗aj,,,,,,,,
gurezi_shina-93,,gurezi_shina,93_ninetythree,ʃta̗rbjujgitʃõj,ʃta̗rbjujgitʃõj,,,,,,,,
gurezi_shina-94,,gurezi_shina,94_ninetyfour,ʃta̗rbjujgitʃõ̗daj,ʃta̗rbjujgitʃõ̗daj,,,,,,,,
gurezi_shina-95,,gurezi_shina,95_ninetyfive,ʃta̗rbjujgipãzũ̗laj,ʃta̗rbjujgipãzũ̗laj,,,,,,,,
gurezi_shina-96,,gurezi_shina,96_ninetysix,ʃta̗rbjujgiʃõ̗oj,ʃta̗rbjujgiʃõ̗oj,,,,,,,,
gurezi_shina-97,,gurezi_shina,97_ninetyseven,ʃta̗rbjujgisata̗aj,ʃta̗rbjujgisata̗aj,,,,,,,,
gurezi_shina-98,,gurezi_shina,98_ninetyeight,ʃta̗rbjujgiãʃʈa̗aj,ʃta̗rbjujgiãʃʈa̗aj,,,,,,,,
gurezi_shina-99,,gurezi_shina,99_ninetynine,ʃta̗rbjujgikunji̗ih,ʃta̗rbjujgikunji̗ih,,,,,,,,
kalam_kohistani-1,,kalam_kohistani,1_one,äk,äk,,,,,,,,
kalam_kohistani-2,,kalam_kohistani,2_two,dū,dū,,,,,,,,
kalam_kohistani-3,,kalam_kohistani,3_three,ɬā,ɬā,,,,,,,,
kalam_kohistani-4,,kalam_kohistani,4_four,čor,čor,,,,,,,,
kalam_kohistani-5,,kalam_kohistani,5_five,pãǰ,pãǰ,,,,,,,,
kalam_kohistani-6,,kalam_kohistani,6_six,ṣo,ṣo,,,,,,,,
kalam_kohistani-7,,kalam_kohistani,7_seven,sat,sat,,,,,,,,
kalam_kohistani-8,,kalam_kohistani,8_eight,äc̣,äc̣,,,,,,,,
kalam_kohistani-9,,kalam_kohistani,9_nine,nom,nom,,,,,,,,
kalam_kohistani-10,,kalam_kohistani,10_ten,däš,däš,,,,,,,,
kalam_kohistani-11,,kalam_kohistani,11_eleven,ikǟ,ikǟ,,,,,,,,
kalam_kohistani-12,,kalam_kohistani,12_twelve,bǟ,bǟ,,,,,,,,
kalam_kohistani-13,,kalam_kohistani,13_thirteen,ɬō,ɬō,,,,,,,,
kalam_kohistani-14,,kalam_kohistani,14_fourteen,čun,čun,,,,,,,,
kalam_kohistani-15,,kalam_kohistani,15_fifteen,pänǰǟ,pänǰǟ,,,,,,,,
kalam_kohistani-16,,kalam_kohistani,16_sixteen,ṣōr,ṣōr,,,,,,,,
kalam_kohistani-17,,kalam_kohistani,17_seventeen,sätǟ,sätǟ,,,,,,,,
kalam_kohistani-18,,kalam_kohistani,18_eighteen,äc̣ǟ,äc̣ǟ,,,,,,,,
kalam_kohistani-19,,kalam_kohistani,19_nineteen,änbis,änbis,,,,,,,,
kalam_kohistani-20,,kalam_kohistani,20_twenty,biš,biš,,,,,,,,
kalam_kohistani-21,,kalam_kohistani,21_twentyone,ǟktēbiš,ǟktēbiš,,,,,,,,
kalam_kohistani-22,,kalam_kohistani,22_twentytwo,dūtēbiš,dūtēbiš,,,,,,,,
kalam_kohistani-23,,kalam_kohistani,23_twentythree,ɬātēbiš,ɬātēbiš,,,,,,,,
kalam_kohistani-24,,kalam_kohistani,24_twentyfour,čortēbiš,čortēbiš,,,,,,,,
kalam_kohistani-25,,kalam_kohistani,25_twentyfive,pãǰtēbiš,pãǰtēbiš,,,,,,,,
kalam_kohistani-26,,kalam_kohistani,26_twentysix,ṣotēbiš,ṣotēbiš,,,,,,,,
kalam_kohistani-27,,kalam_kohistani,27_twentyseven,sattēbiš,sattēbiš,,,,,,,,
kalam_kohistani-28,,kalam_kohistani,28_twentyeight,ǟc̣tēbiš,ǟc̣tēbiš,,,,,,,,
kalam_kohistani-29,,kalam_kohistani,29_twentynine,nomtēbiš,nomtēbiš,,,,,,,,
kalam_kohistani-30,,kalam_kohistani,30_thirty,dǟštēbiš,dǟštēbiš,,,,,,,,
kalam_kohistani-31,,kalam_kohistani,31_thirtyone,ikǟtēbiš,ikǟtēbiš,,,,,,,,
kalam_kohistani-32,,kalam_kohistani,32_thirtytwo,bǟtēbiš,bǟtēbiš,,,,,,,,
kalam_kohistani-33,,kalam_kohistani,33_thirtythree,ɬōtēbiš,ɬōtēbiš,,,,,,,,
kalam_kohistani-34,,kalam_kohistani,34_thirtyfour,čuntēbiš,čuntēbiš,,,,,,,,
kalam_kohistani-35,,kalam_kohistani,35_thirtyfive,pãǰkämdubiš,pãǰkämdubiš,,,,,,,,
kalam_kohistani-36,,kalam_kohistani,36_thirtysix,čorkämdubiš,čorkämdubiš,,,,,,,,
kalam_kohistani-37,,kalam_kohistani,37_thirtyseven,ɬakämdubiš,ɬakämdubiš,,,,,,,,
kalam_kohistani-38,,kalam_kohistani,38_thirtyeight,dūkämdubiš,dūkämdubiš,,,,,,,,
kalam_kohistani-39,,kalam_kohistani,39_thirtynine,ǟkkämdubiš,ǟkkämdubiš,,,,,,,,
kalam_kohistani-40,,kalam_kohistani,40_forty,dubiš,dubiš,,,,,,,,
kalam_kohistani-41,,kalam_kohistani,41_fortyone,ǟktēdubiš,ǟktēdubiš,,,,,,,,
kalam_kohistani-42,,kalam_kohistani,42_fortytwo,dūtēdubiš,dūtēdubiš,,,,,,,,
kalam_kohistani-43,,kalam_kohistani,43_fortythree,ɬātēdubiš,ɬātēdubiš,,,,,,,,
kalam_kohistani-44,,kalam_kohistani,44_fortyfour,čortēdubiš,čortēdubiš,,,,,,,,
kalam_kohistani-45,,kalam_kohistani,45_fortyfive,pãǰtēdubiš,pãǰtēdubiš,,,,,,,,
kalam_kohistani-46,,kalam_kohistani,46_fortysix,ṣotēdubiš,ṣotēdubiš,,,,,,,,
kalam_kohistani-47,,kalam_kohistani,47_fortyseven,sattēdubiš,sattēdubiš,,,,,,,,
kalam_kohistani-48,,kalam_kohistani,48_fortyeight,ǟc̣tēdubiš,ǟc̣tēdubiš,,,,,,,,
kalam_kohistani-49,,kalam_kohistani,49_fortynine,nomtēdubiš,nomtēdubiš,,,,,,,,
kalam_kohistani-50,,kalam_kohistani,50_fifty,dǟštēdubiš,dǟštēdubiš,,,,,,,,
kalam_kohistani-51,,kalam_kohistani,51_fiftyone,ikǟtēdubiš,ikǟtēdubiš,,,,,,,,
kalam_kohistani-52,,kalam_kohistani,52_fiftytwo,bǟtēdubiš,bǟtēdubiš,,,,,,,,
kalam_kohistani-53,,kalam_kohistani,53_fiftythree,ɬōtēdubiš,ɬōtēdubiš,,,,,,,,
kalam_kohistani-54,,kalam_kohistani,54_fiftyfour,čuntēdubiš,čuntēdubiš,,,,,,,,
kalam_kohistani-55,,kalam_kohistani,55_fiftyfive,pãǰkämɬäbiš,pãǰkämɬäbiš,,,,,,,,
kalam_kohistani-56,,kalam_kohistani,56_fiftysix,čorkämɬäbiš,čorkämɬäbiš,,,,,,,,
kalam_kohistani-57,,kalam_kohistani,57_fiftyseven,ɬakämɬäbiš,ɬakämɬäbiš,,,,,,,,
kalam_kohistani-58,,kalam_kohistani,58_fiftyeight,dūkämɬäbiš,dūkämɬäbiš,,,,,,,,
kalam_kohistani-59,,kalam_kohistani,59_fiftynine,ǟkkämɬäbiš,ǟkkämɬäbiš,,,,,,,,
kalam_kohistani-60,,kalam_kohistani,60_sixty,ɬäbiš,ɬäbiš,,,,,,,,
kalam_kohistani-61,,kalam_kohistani,61_sixtyone,ǟktēɬäbiš,ǟktēɬäbiš,,,,,,,,
kalam_kohistani-62,,kalam_kohistani,62_sixtytwo,dūtēɬäbiš,dūtēɬäbiš,,,,,,,,
kalam_kohistani-63,,kalam_kohistani,63_sixtythree,ɬātēɬäbiš,ɬātēɬäbiš,,,,,,,,
kalam_kohistani-64,,kalam_kohistani,64_sixtyfour,čortēɬäbiš,čortēɬäbiš,,,,,,,,
kalam_kohistani-65,,kalam_kohistani,65_sixtyfive,pãǰtēɬäbiš,pãǰtēɬäbiš,,,,,,,,
kalam_kohistani-66,,kalam_kohistani,66_sixtysix,ṣotēɬäbiš,ṣotēɬäbiš,,,,,,,,
kalam_kohistani-67,,kalam_kohistani,67_sixtyseven,sattēɬäbiš,sattēɬäbiš,,,,,,,,
kalam_kohistani-68,,kalam_kohistani,68_sixtyeight,ǟc̣tēɬäbiš,ǟc̣tēɬäbiš,,,,,,,,
kalam_kohistani-69,,kalam_kohistani,69_sixtynine,nomtēɬäbiš,nomtēɬäbiš,,,,,,,,
kalam_kohistani-70,,kalam_kohistani,70_seventy,dǟštēɬäbiš,dǟštēɬäbiš,,,,,,,,
kalam_kohistani-71,,kalam_kohistani,71_seventyone,ikǟtēɬäbiš,ikǟtēɬäbiš,,,,,,,,
kalam_kohistani-72,,kalam_kohistani,72_seventytwo,bǟtēɬäbiš,bǟtēɬäbiš,,,,,,,,
kalam_kohistani-73,,kalam_kohistani,73_seventythree,ɬōtēɬäbiš,ɬōtēɬäbiš,,,,,,,,
kalam_kohistani-74,,kalam_kohistani,74_seventyfour,čuntēɬäbiš,čuntēɬäbiš,,,,,,,,
kalam_kohistani-75,,kalam_kohistani,75_seventyfive,pãǰkämčorbiš,pãǰkämčorbiš,,,,,,,,
kalam_kohistani-76,,kalam_kohistani,76_seventysix,čorkämčorbiš,čorkämčorbiš,,,,,,,,
kalam_kohistani-77,,kalam_kohistani,77_seventyseven,ɬakämčorbiš,ɬakämčorbiš,,,,,,,,
kalam_kohistani-78,,kalam_kohistani,78_seventyeight,dūkämčorbiš,dūkämčorbiš,,,,,,,,
kalam_kohistani-79,,kalam_kohistani,79_seventynine,ǟkkämčorbiš,ǟkkämčorbiš,,,,,,,,
kalam_kohistani-80,,kalam_kohistani,80_eighty,čorbiš,čorbiš,,,,,,,,
kalam_kohistani-81,,kalam_kohistani,81_eightyone,ǟktēčorbiš,ǟktēčorbiš,,,,,,,,
kalam_kohistani-82,,kalam_kohistani,82_eightytwo,dūtēčorbiš,dūtēčorbiš,,,,,,,,
kalam_kohistani-83,,kalam_kohistani,83_eightythree,ɬātēčorbiš,ɬātēčorbiš,,,,,,,,
kalam_kohistani-84,,kalam_kohistani,84_eightyfour,čortēčorbiš,čortēčorbiš,,,,,,,,
kalam_kohistani-85,,kalam_kohistani,85_eightyfive,pãǰtēčorbiš,pãǰtēčorbiš,,,,,,,,
kalam_kohistani-86,,kalam_kohistani,86_eightysix,ṣotēčorbiš,ṣotēčorbiš,,,,,,,,
kalam_kohistani-87,,kalam_kohistani,87_eightyseven,sattēčorbiš,sattēčorbiš,,,,,,,,
kalam_kohistani-88,,kalam_kohistani,88_eightyeight,ǟc̣tēčorbiš,ǟc̣tēčorbiš,,,,,,,,
kalam_kohistani-89,,kalam_kohistani,89_eightynine,nomtēčorbiš,nomtēčorbiš,,,,,,,,
kalam_kohistani-90,,kalam_kohistani,90_ninety,dǟštēčorbiš,dǟštēčorbiš,,,,,,,,
kalam_kohistani-91,,kalam_kohistani,91_ninetyone,ikǟtēčorbiš,ikǟtēčorbiš,,,,,,,,
kalam_kohistani-92,,kalam_kohistani,92_ninetytwo,bǟtēčorbiš,bǟtēčorbiš,,,,,,,,
kalam_kohistani-93,,kalam_kohistani,93_ninetythree,ɬōtēčorbiš,ɬōtēčorbiš,,,,,,,,
kalam_kohistani-94,,kalam_kohistani,94_ninetyfour,čuntēčorbiš,čuntēčorbiš,,,,,,,,
kalam_kohistani-95,,kalam_kohistani,95_ninetyfive,pãǰkämpãǰbiš,pãǰkämpãǰbiš,,,,,,,,
kalam_kohistani-96,,kalam_kohistani,96_ninetysix,čorkämpãǰbiš,čorkämpãǰbiš,,,,,,,,
kalam_kohistani-97,,kalam_kohistani,97_ninetyseven,ɬakämpãǰbiš,ɬakämpãǰbiš,,,,,,,,
kalam_kohistani-98,,kalam_kohistani,98_ninetyeight,dūkämpãǰbiš,dūkämpãǰbiš,,,,,,,,
kalam_kohistani-99,,kalam_kohistani,99_ninetynine,ǟkkämpãǰbiš,ǟkkämpãǰbiš,,,,,,,,
